# id,first_name,last_name,email,username,password
1,Albertina,Lovelace,alovelace0@xrea.com,alovelace0,URQQevHb
2,Demetrius,Hewlings,dhewlings1@free.fr,dhewlings1,IkxynsAEsp2
3,Ange,Pallaske,apallaske2@mtv.com,apallaske2,RnSl8We
4,Barret,Yegorkin,byegorkin3@issuu.com,byegorkin3,KmRjQ2l
5,Devlin,McNee,dmcnee4@java.com,dmcnee4,VDAe6I7k
6,Petronille,O'Leahy,poleahy5@yandex.ru,poleahy5,VXR9CfjBxNR
7,Luise,Bitchener,lbitchener6@opera.com,lbitchener6,E5k4AIf
8,Alejandrina,Sturges,asturges7@i2i.jp,asturges7,OzypMmu
9,Marrilee,Sedworth,msedworth8@yahoo.com,msedworth8,WkczMXWl4NjR
10,Kevan,Sleith,ksleith9@baidu.com,ksleith9,Lnlm0Cyan1CS
11,Linn,Fishlee,lfishleea@digg.com,lfishleea,RRcF9QV5CGIG
12,Bell,Tzar,btzarb@icio.us,btzarb,9qIPN19w
13,Keefer,De Anesy,kdeanesyc@mlb.com,kdeanesyc,C0L4nXScb2v9
14,Loralee,Beetlestone,lbeetlestoned@csmonitor.com,lbeetlestoned,9bJtYdenNDk
15,Camala,Dugue,cduguee@diigo.com,cduguee,yBvn5zj9D
16,Kenna,Patria,kpatriaf@bigcartel.com,kpatriaf,UP5QKb
17,Myrtie,Bourget,mbourgetg@narod.ru,mbourgetg,AVW3v4u4wa
18,Zitella,Legan,zleganh@skyrock.com,zleganh,Wc89cJhNj1Z
19,Pablo,Wodham,pwodhami@gravatar.com,pwodhami,xluW9Ds
20,Nikos,Needs,nneedsj@fc2.com,nneedsj,KEvMOJc4wb0
21,Fawne,Brimicombe,fbrimicombek@people.com.cn,fbrimicombek,JTqiocw8I2o
22,Tam,Threader,tthreaderl@businessinsider.com,tthreaderl,OvhLNCJy4
23,Woody,Escala,wescalam@nytimes.com,wescalam,wax5Vn
24,Allie,Walcher,awalchern@skype.com,awalchern,VLGvbbrKw
25,Marty,Graundisson,mgraundissono@yolasite.com,mgraundissono,Frr1I9U
26,Rebeca,Stent,rstentp@cbslocal.com,rstentp,A7v18FQU
27,Augustin,Driutti,adriuttiq@surveymonkey.com,adriuttiq,vSkFEjowLGv
28,Sigmund,Asbrey,sasbreyr@guardian.co.uk,sasbreyr,lZjob7rvSy
29,Maxwell,Bront,mbronts@nih.gov,mbronts,gYOhMIJSWPY
30,Dino,Luck,dluckt@elpais.com,dluckt,1J0Ra1R
31,Chandra,Tomsett,ctomsettu@is.gd,ctomsettu,OwA0Gz
32,Cam,Dimbylow,cdimbylowv@privacy.gov.au,cdimbylowv,LbY3P2fUzBh
33,Elyse,Benzi,ebenziw@prweb.com,ebenziw,1g8FzDR
34,Sascha,Dumingo,sdumingox@ameblo.jp,sdumingox,CFhkxq
35,Tilda,Luipold,tluipoldy@wiley.com,tluipoldy,I8KYh5BX
36,Ignatius,Hannaford,ihannafordz@printfriendly.com,ihannafordz,P9rR6me
37,Janeva,Rivel,jrivel10@bbc.co.uk,jrivel10,4jnThPqn
38,Marylin,Baitey,mbaitey11@addtoany.com,mbaitey11,TbWhRWVicsi
39,Skell,Blewis,sblewis12@arizona.edu,sblewis12,uo2CA8S2YB
40,Sheffie,McSharry,smcsharry13@over-blog.com,smcsharry13,7HqgZgPi
41,Pedro,Le Breton,plebreton14@weibo.com,plebreton14,64UVRk5iXuz
42,Willabella,Spurret,wspurret15@newyorker.com,wspurret15,id9yZozQ
43,Olva,Lyver,olyver16@weebly.com,olyver16,rmT5X4tdJq
44,Edi,Jerdon,ejerdon17@wordpress.com,ejerdon17,dm9YCk3KyO36
45,Gar,Clingoe,gclingoe18@wordpress.org,gclingoe18,OlavEm8t
46,Kassie,Kemell,kkemell19@mac.com,kkemell19,lITgC9C5BQ
47,Amie,Edgworth,aedgworth1a@hp.com,aedgworth1a,2TsjQgO6jN
48,Pippy,Gainsbury,pgainsbury1b@washington.edu,pgainsbury1b,hDfgwpn
49,Orion,McAuslene,omcauslene1c@vimeo.com,omcauslene1c,heu2oDSt
50,Bertina,Galpin,bgalpin1d@blogs.com,bgalpin1d,liVQaKug
51,Ann-marie,Sowman,asowman1e@jimdo.com,asowman1e,Y6f8XB2JeU
52,Analise,Jewster,ajewster1f@wufoo.com,ajewster1f,HbalWdHKEDd
53,Lonny,Crome,lcrome1g@istockphoto.com,lcrome1g,LFa3256n
54,Lexis,Lahy,llahy1h@alibaba.com,llahy1h,omB90GVW
55,Rivkah,Raleston,rraleston1i@imgur.com,rraleston1i,rZiSHB7HnbV
56,Leigh,Rosberg,lrosberg1j@archive.org,lrosberg1j,1IFU0XT3J
57,Hobie,Largent,hlargent1k@pcworld.com,hlargent1k,aypvi0yHh9y
58,Harwell,Kerans,hkerans1l@vkontakte.ru,hkerans1l,AKkvnm6zH4Q
59,Jervis,Sarrell,jsarrell1m@icq.com,jsarrell1m,8aJGZuM9
60,Kassia,Smillie,ksmillie1n@elpais.com,ksmillie1n,q2heNYfEA
61,Neala,Inchan,ninchan1o@yandex.ru,ninchan1o,7w68AN
62,Nalani,Coultous,ncoultous1p@latimes.com,ncoultous1p,4FS46R
63,Marita,Hubbock,mhubbock1q@de.vu,mhubbock1q,EECecOc6
64,Viki,Daal,vdaal1r@xrea.com,vdaal1r,90Cf1c
65,Michail,Bavridge,mbavridge1s@netlog.com,mbavridge1s,yzatOf
66,Rabbi,Stoad,rstoad1t@ning.com,rstoad1t,LksqNZa
67,Blanca,Edgerley,bedgerley1u@cnet.com,bedgerley1u,yww0XVVw
68,Hilde,Barajas,hbarajas1v@amazon.com,hbarajas1v,Tc1xlR
69,Noellyn,Toffoletto,ntoffoletto1w@wikispaces.com,ntoffoletto1w,uJMSvM
70,Penelope,Meharg,pmeharg1x@yahoo.co.jp,pmeharg1x,46koJdRNhm
71,Yetty,Durno,ydurno1y@gmpg.org,ydurno1y,ZVdFuBZSnl
72,Brunhilde,Yakubovich,byakubovich1z@tiny.cc,byakubovich1z,Dfmk4pFbk
73,Morna,Yetman,myetman20@bloglovin.com,myetman20,b8J0982W
74,Reese,Mottershead,rmottershead21@ca.gov,rmottershead21,UNoZTsPbD
75,Sayers,Girkin,sgirkin22@gmpg.org,sgirkin22,UrGEDImtCl
76,Margo,Walthall,mwalthall23@tumblr.com,mwalthall23,axzPXmFh8NH
77,Belle,Dollman,bdollman24@time.com,bdollman24,kvvqHCcTuyA
78,Raffarty,Berzin,rberzin25@pcworld.com,rberzin25,BHc3rihUA
79,Pennie,Minshall,pminshall26@xinhuanet.com,pminshall26,1FPwnAVne7vS
80,Ileana,Pyett,ipyett27@columbia.edu,ipyett27,GXflWA18q3
81,Penny,Markussen,pmarkussen28@elegantthemes.com,pmarkussen28,dG2WLdj
82,Sylas,Laviss,slaviss29@ocn.ne.jp,slaviss29,SXV3eG
83,Jaquenetta,Sunnucks,jsunnucks2a@google.nl,jsunnucks2a,Ll3JRAtd
84,Tuckie,Robardet,trobardet2b@yandex.ru,trobardet2b,AGL7d5iBp5
85,Mitzi,MacGowan,mmacgowan2c@paypal.com,mmacgowan2c,iS8Qv7VeyBTH
86,Oralle,Jedras,ojedras2d@about.com,ojedras2d,nwyFeLhoUz
87,Catarina,Sievewright,csievewright2e@yale.edu,csievewright2e,Xi8SDbm
88,Lorena,Larchiere,llarchiere2f@fotki.com,llarchiere2f,t7u5EmKcyzxa
89,Ertha,Rubes,erubes2g@stumbleupon.com,erubes2g,MMwPf1UFwY
90,Giffy,Peter,gpeter2h@spotify.com,gpeter2h,JRHWTkbp
91,Vanny,Docker,vdocker2i@aboutads.info,vdocker2i,tVtepvVpo
92,Cchaddie,Caroll,ccaroll2j@uiuc.edu,ccaroll2j,vKZ9bnGesJY4
93,Cord,Vinnick,cvinnick2k@usnews.com,cvinnick2k,dGOfpT
94,Shamus,Gerrad,sgerrad2l@imageshack.us,sgerrad2l,5mnHuz4GhX
95,Guillema,Scotts,gscotts2m@rambler.ru,gscotts2m,xE7pi1f
96,Brent,Viles,bviles2n@intel.com,bviles2n,4IqVE9hXdD
97,Berti,Copestake,bcopestake2o@earthlink.net,bcopestake2o,pCCFqcKcGei
98,Weylin,Massot,wmassot2p@ask.com,wmassot2p,1ygKOo
99,Burr,Hapke,bhapke2q@irs.gov,bhapke2q,2WhbNyn
100,Tarrance,Dominick,tdominick2r@nifty.com,tdominick2r,p8QtY5
101,Annora,Demangeot,ademangeot2s@chron.com,ademangeot2s,ZVz6na
102,Ginnie,Huyche,ghuyche2t@odnoklassniki.ru,ghuyche2t,7gCI8fYVQ70
103,Randolf,Dyer,rdyer2u@shareasale.com,rdyer2u,MTSIjk9aHFW
104,Lurleen,Lowther,llowther2v@linkedin.com,llowther2v,HKul93
105,Charmion,Revill,crevill2w@is.gd,crevill2w,1tQBKCs1Yhb
106,Latrina,Batstone,lbatstone2x@ca.gov,lbatstone2x,a7IRorlcqR
107,Percival,Matthessen,pmatthessen2y@issuu.com,pmatthessen2y,MlZOBLe
108,Kevin,Finders,kfinders2z@vistaprint.com,kfinders2z,2QgIpsIshc
109,Lurlene,Shawel,lshawel30@ovh.net,lshawel30,qz9IOQ3ay
110,Engelbert,Gethin,egethin31@plala.or.jp,egethin31,2JG7I3l
111,Quintin,Persence,qpersence32@wordpress.org,qpersence32,UqGAPEGlEE1H
112,Rosabel,Baszniak,rbaszniak33@nsw.gov.au,rbaszniak33,1kMlykLmP
113,Vivia,Cathcart,vcathcart34@home.pl,vcathcart34,7u3QSIJCXVn
114,Margarethe,Northbridge,mnorthbridge35@japanpost.jp,mnorthbridge35,lDcMUEzZkh
115,Minetta,Fewkes,mfewkes36@rakuten.co.jp,mfewkes36,V1PyFtAVGCk
116,Keary,Dovinson,kdovinson37@domainmarket.com,kdovinson37,JRQucLdOB
117,Clair,Boij,cboij38@unblog.fr,cboij38,X8ZxEKquOZX
118,Lu,Nurny,lnurny39@sfgate.com,lnurny39,djsGMnT
119,Towney,Bellerby,tbellerby3a@economist.com,tbellerby3a,ZhGVrQRv
120,Roseline,Eseler,reseler3b@merriam-webster.com,reseler3b,sB6SeTF
121,Zelig,Denkin,zdenkin3c@usatoday.com,zdenkin3c,vXjrBbwf1RX
122,Gabbie,Bakhrushin,gbakhrushin3d@telegraph.co.uk,gbakhrushin3d,LwsE47C
123,Raymond,Innes,rinnes3e@drupal.org,rinnes3e,UTMFJfts3
124,Dene,Stonuary,dstonuary3f@plala.or.jp,dstonuary3f,15ulL78
125,Lockwood,Shovelbottom,lshovelbottom3g@dailymail.co.uk,lshovelbottom3g,w1Bbum
126,Randolph,Bernardoni,rbernardoni3h@sciencedaily.com,rbernardoni3h,uCuUF5RVhAs
127,Daffie,Vondrach,dvondrach3i@latimes.com,dvondrach3i,Zi4ltKU8hQ2
128,Jacquelyn,Costello,jcostello3j@sphinn.com,jcostello3j,ATfK6Ntn
129,Abdel,Tift,atift3k@wired.com,atift3k,E7uDd3cD3ONz
130,Rebeca,Pretsel,rpretsel3l@stanford.edu,rpretsel3l,itkjxrLyn1
131,Agatha,MacIllrick,amacillrick3m@bandcamp.com,amacillrick3m,AcxfPF
132,Candis,Limrick,climrick3n@trellian.com,climrick3n,oXXKOcwPHd
133,Findlay,Shortt,fshortt3o@de.vu,fshortt3o,LQ93NEgKLvmx
134,Robbyn,Littleover,rlittleover3p@4shared.com,rlittleover3p,nTjHFMGhO
135,Linell,Dominicacci,ldominicacci3q@prnewswire.com,ldominicacci3q,jiaJZ1cfWZXr
136,Elnora,Fenny,efenny3r@yandex.ru,efenny3r,B79pktMX
137,Tully,Varsey,tvarsey3s@liveinternet.ru,tvarsey3s,oRK2cBXL
138,Annabela,Twine,atwine3t@delicious.com,atwine3t,tuCqfP
139,Darcey,Skeermer,dskeermer3u@ustream.tv,dskeermer3u,oXkXdDSFlwR
140,Ashleigh,Baldam,abaldam3v@nba.com,abaldam3v,tA2dlPy
141,Sallee,Eads,seads3w@chron.com,seads3w,7ymRNx8RZq
142,Arleyne,Gowanlock,agowanlock3x@oracle.com,agowanlock3x,UZ4VR8WB
143,Ulrikaumeko,Lazar,ulazar3y@seesaa.net,ulazar3y,vlYFKh1tSD
144,Hilly,Drivers,hdrivers3z@ucoz.ru,hdrivers3z,8Y0Wtz
145,Barbe,Haisell,bhaisell40@go.com,bhaisell40,Az8TZ6EAnrzW
146,Hector,Burne,hburne41@imgur.com,hburne41,BqDMWw2bW
147,Karee,Klimshuk,kklimshuk42@chronoengine.com,kklimshuk42,gCQNFbOs
148,Bernard,Seatter,bseatter43@dion.ne.jp,bseatter43,O2qCpMkr
149,Wade,McLellan,wmclellan44@newyorker.com,wmclellan44,L721yL
150,Bobby,Snipe,bsnipe45@arizona.edu,bsnipe45,oy6ll4hWsTrr
151,Vinita,Downer,vdowner46@a8.net,vdowner46,xWWRXbCRWFQ
152,Cobb,Toffel,ctoffel47@nhs.uk,ctoffel47,237taELPZqUf
153,Irita,Anan,ianan48@businessweek.com,ianan48,NVI5y47w
154,Doloritas,Bettison,dbettison49@nature.com,dbettison49,fsBktHr
155,Cristiano,Narbett,cnarbett4a@livejournal.com,cnarbett4a,SmF7LNIe5GR
156,Lilyan,Stoate,lstoate4b@is.gd,lstoate4b,vo9ZLYlV
157,Kimbra,McComish,kmccomish4c@wp.com,kmccomish4c,yvwctM
158,Phaedra,Durgan,pdurgan4d@va.gov,pdurgan4d,3yQvmwr
159,Alie,Verzey,averzey4e@upenn.edu,averzey4e,FoH8bjWwQ
160,Corrianne,Cabera,ccabera4f@yellowpages.com,ccabera4f,PTqfdt2iPx
161,Griffy,Beckenham,gbeckenham4g@mysql.com,gbeckenham4g,PPpi6ZwbJI
162,Barbaraanne,Dorling,bdorling4h@unicef.org,bdorling4h,jcrXCoG
163,Erinna,Cheale,echeale4i@cbsnews.com,echeale4i,Bif0LZl
164,Lorna,Sturte,lsturte4j@amazon.co.jp,lsturte4j,VPJXEG4W7r
165,Juliette,Cater,jcater4k@dion.ne.jp,jcater4k,w5rWsWCqd
166,Staford,Andersch,sandersch4l@ycombinator.com,sandersch4l,5cIyNFxAf
167,Ferdy,Birchner,fbirchner4m@opensource.org,fbirchner4m,Ca5zKlsk
168,Hubie,Reynish,hreynish4n@usnews.com,hreynish4n,nKNEMIbXI
169,Jenilee,McLorinan,jmclorinan4o@clickbank.net,jmclorinan4o,1CGO123
170,Sallyanne,Cerman,scerman4p@tiny.cc,scerman4p,6JL4Dv
171,Marlie,Gillion,mgillion4q@sbwire.com,mgillion4q,EzPWkRS7Tx6
172,Martha,Flint,mflint4r@abc.net.au,mflint4r,gKCPlJ5b2Pi
173,Byron,Vell,bvell4s@yahoo.com,bvell4s,Np6OOdasc8WX
174,Afton,Dorrington,adorrington4t@forbes.com,adorrington4t,fU6oRYsxdZx
175,Sheryl,Pusey,spusey4u@tamu.edu,spusey4u,coROy9u
176,Opaline,Teresi,oteresi4v@chicagotribune.com,oteresi4v,rGnXafE
177,Scott,MacAne,smacane4w@alibaba.com,smacane4w,rsXjtf2GFOPd
178,Douglass,de Almeida,ddealmeida4x@nasa.gov,ddealmeida4x,JOeRoH8nX
179,Andriette,Lis,alis4y@a8.net,alis4y,hHyori
180,Nickolaus,Punton,npunton4z@github.com,npunton4z,72A7FBV1ADL
181,Morgan,Skudder,mskudder50@jiathis.com,mskudder50,Ht8iHdn
182,Dorris,Baines,dbaines51@independent.co.uk,dbaines51,nWcOMhz8u
183,Sybil,Thurborn,sthurborn52@vk.com,sthurborn52,5e14XzEB
184,Panchito,Lipscomb,plipscomb53@blogtalkradio.com,plipscomb53,g4ZCO0Khlbu9
185,Phillipp,Faltin,pfaltin54@cpanel.net,pfaltin54,2nqpOfT9Zr
186,Kimble,Giorio,kgiorio55@canalblog.com,kgiorio55,NM0iJy5qQ
187,Fraze,Sabater,fsabater56@smugmug.com,fsabater56,Ktw8mI0SG
188,Orazio,Arsnell,oarsnell57@miitbeian.gov.cn,oarsnell57,CxhGiv4ZV
189,Magdalene,Eveling,meveling58@vk.com,meveling58,WQG6bJM
190,Sebastian,Huc,shuc59@topsy.com,shuc59,gxAge7mi
191,Charmaine,Revance,crevance5a@elpais.com,crevance5a,m5m90bpP
192,Hailey,Triggs,htriggs5b@unesco.org,htriggs5b,qAt0rvme4v
193,Nona,McGuiness,nmcguiness5c@rediff.com,nmcguiness5c,fv2Lmz3Dq7
194,Daryn,Dobson,ddobson5d@phoca.cz,ddobson5d,6doVWiB7x
195,Cinnamon,Timlett,ctimlett5e@marketwatch.com,ctimlett5e,e3dTHyd
196,Crysta,Atton,catton5f@illinois.edu,catton5f,qWeX4uXTDz
197,Sammy,Ortiger,sortiger5g@parallels.com,sortiger5g,zqwNx7gSW
198,Manny,Metzing,mmetzing5h@disqus.com,mmetzing5h,Qhe98C
199,Libbi,Wrack,lwrack5i@buzzfeed.com,lwrack5i,g9a26wmUPa0s
200,Stacy,Cram,scram5j@foxnews.com,scram5j,CSDcXxsDXIpu
201,Ruddie,Collyear,rcollyear5k@sun.com,rcollyear5k,hCEX9dF
202,Chick,Sweeting,csweeting5l@senate.gov,csweeting5l,Bjm9VG
203,Lissi,Lademann,llademann5m@dot.gov,llademann5m,xi4aB7f3s
204,Bernardo,Mengue,bmengue5n@wired.com,bmengue5n,SKNGasMxQ
205,Sid,Farquharson,sfarquharson5o@discuz.net,sfarquharson5o,pvMWRycLqvgO
206,Bill,Sterman,bsterman5p@yellowpages.com,bsterman5p,UcwsDT4Lpxi
207,Cornela,Youthead,cyouthead5q@stumbleupon.com,cyouthead5q,1riylA
208,Cheston,Symmers,csymmers5r@aol.com,csymmers5r,XrYrId1O0
209,Ana,Mordacai,amordacai5s@dion.ne.jp,amordacai5s,0vsucEHk12Lt
210,Debora,Imison,dimison5t@microsoft.com,dimison5t,4hdMfgOkCd
211,Denny,Pitcaithly,dpitcaithly5u@cnbc.com,dpitcaithly5u,ue6JObDXS2
212,Andree,Guillford,aguillford5v@economist.com,aguillford5v,GLyjXaSf4Jt
213,Dorotea,Osburn,dosburn5w@baidu.com,dosburn5w,lfVOwMrhV
214,Tally,Weaving,tweaving5x@columbia.edu,tweaving5x,5mVKuc6lV8
215,Saleem,Puddan,spuddan5y@angelfire.com,spuddan5y,DN7cb7H1
216,Christina,Jirousek,cjirousek5z@stanford.edu,cjirousek5z,B9jiEvqWj
217,Reiko,De Cruce,rdecruce60@ed.gov,rdecruce60,ZrmFzyGvlsT
218,Theo,Boatswain,tboatswain61@ehow.com,tboatswain61,svaQIgpn63i
219,Shelbi,Gaytor,sgaytor62@networkadvertising.org,sgaytor62,ymkJopx
220,Danyette,Laybourne,dlaybourne63@google.ca,dlaybourne63,TS8KkbxqfHHg
221,Riannon,Sparke,rsparke64@home.pl,rsparke64,VuxZaHO
222,Helen-elizabeth,Peplow,hpeplow65@amazon.de,hpeplow65,TeDCfT8FW1
223,Davidde,Dowse,ddowse66@goo.ne.jp,ddowse66,PSZy6J
224,Beverie,Causbey,bcausbey67@ezinearticles.com,bcausbey67,jSkeTWPx
225,Konstantin,Overstall,koverstall68@cloudflare.com,koverstall68,NkuI5W
226,Emlen,Richfield,erichfield69@google.nl,erichfield69,7bCIRF7PHet
227,Monro,Wheaton,mwheaton6a@wikipedia.org,mwheaton6a,1ungWwTqV
228,Rouvin,Landell,rlandell6b@weibo.com,rlandell6b,HqPWBKahi
229,June,Alexsandrov,jalexsandrov6c@utexas.edu,jalexsandrov6c,NSwk2yIODP0
230,Albina,Caunter,acaunter6d@berkeley.edu,acaunter6d,gotckp0
231,Barny,Uphill,buphill6e@dell.com,buphill6e,IIMQtOLbTs
232,Suzie,Wathen,swathen6f@printfriendly.com,swathen6f,NQC5I4Iy7FnO
233,Hamnet,Greguol,hgreguol6g@hao123.com,hgreguol6g,T3JBl7BRxOm
234,Pru,Palek,ppalek6h@engadget.com,ppalek6h,JHlgPx68e
235,Mordy,Possa,mpossa6i@free.fr,mpossa6i,vB31H1wgfa
236,Bealle,Dannehl,bdannehl6j@sbwire.com,bdannehl6j,bpA4RHi
237,Jenica,Brattan,jbrattan6k@wix.com,jbrattan6k,fOJgDi5Oxt
238,Colene,Kemme,ckemme6l@naver.com,ckemme6l,U3pJQI
239,Reeta,Seekings,rseekings6m@issuu.com,rseekings6m,hkaoyev
240,Pet,Richards,prichards6n@de.vu,prichards6n,ovDoWf1Vx0
241,Gibbie,Trayling,gtrayling6o@guardian.co.uk,gtrayling6o,4B2TXt51nAQD
242,Flem,Blazewski,fblazewski6p@samsung.com,fblazewski6p,mVKfv89Wo1LB
243,Zorine,Laingmaid,zlaingmaid6q@squarespace.com,zlaingmaid6q,A2ZQIW
244,Doria,Vardon,dvardon6r@npr.org,dvardon6r,xT4t5ZDC
245,Mycah,Ovington,movington6s@netlog.com,movington6s,uGUi1w
246,Lynne,Castanho,lcastanho6t@netlog.com,lcastanho6t,6NElTZK
247,Arv,Gould,agould6u@comcast.net,agould6u,bl4WNLYCSj
248,Terri,Ortega,tortega6v@vk.com,tortega6v,w3DfJ6
249,Bennie,Orae,borae6w@admin.ch,borae6w,zoeSvS3ZI
250,Ruperto,Panter,rpanter6x@auda.org.au,rpanter6x,Z2X3Yl0jSJq
251,Adamo,Shelford,ashelford6y@goodreads.com,ashelford6y,gxw9FDsIF7
252,Emmy,Pilcher,epilcher6z@friendfeed.com,epilcher6z,SAbyKZ
253,Marrissa,Pendlington,mpendlington70@reuters.com,mpendlington70,0TBGCM
254,Charlene,Worstall,cworstall71@census.gov,cworstall71,knjpU5
255,Michale,Delamar,mdelamar72@apache.org,mdelamar72,y2u8QavFI1Zm
256,Madlen,Greguoli,mgreguoli73@tiny.cc,mgreguoli73,D1C0MrtD
257,Catriona,Needham,cneedham74@ftc.gov,cneedham74,FGhWg3uw0
258,Bobbe,Elfes,belfes75@vkontakte.ru,belfes75,FY7uYe1peztT
259,Erhard,Dicker,edicker76@google.com.au,edicker76,nqj4GYpGbIZ
260,Harland,Woollends,hwoollends77@github.io,hwoollends77,L2R0uJRR
261,Vasily,Coutts,vcoutts78@auda.org.au,vcoutts78,eWSBZn
262,Allianora,Basindale,abasindale79@cdc.gov,abasindale79,bY81vmpn
263,Ilka,Karolovsky,ikarolovsky7a@aol.com,ikarolovsky7a,rzdAsAc2i98
264,Mack,Flecknell,mflecknell7b@artisteer.com,mflecknell7b,T58SWhK
265,Michelle,Quinney,mquinney7c@howstuffworks.com,mquinney7c,BcHSs3gKsH4t
266,Angie,Perche,aperche7d@mysql.com,aperche7d,utnL4X5MrDFf
267,Dorice,Merman,dmerman7e@oakley.com,dmerman7e,y6BoYD2xm
268,Saba,Willans,swillans7f@google.com.au,swillans7f,09dBFpW2urOZ
269,Cynthia,Neilson,cneilson7g@si.edu,cneilson7g,mGcGTFs5
270,Byran,Swancock,bswancock7h@disqus.com,bswancock7h,B3whYu
271,Vitia,Curzon,vcurzon7i@noaa.gov,vcurzon7i,QXW7dcQWD
272,Julie,Bernath,jbernath7j@arizona.edu,jbernath7j,tYbDdVM79DT
273,Carly,Mealing,cmealing7k@state.tx.us,cmealing7k,2st5QmX
274,Torrey,Ayllett,tayllett7l@nymag.com,tayllett7l,jKhD934eb2wu
275,Dorris,Samsonsen,dsamsonsen7m@nsw.gov.au,dsamsonsen7m,EvcFe76
276,Ynes,MacCosty,ymaccosty7n@tumblr.com,ymaccosty7n,hCOqkMkXiuw
277,Lamar,Becket,lbecket7o@nih.gov,lbecket7o,Sj2PJYDzyt
278,Shaine,Lowrance,slowrance7p@epa.gov,slowrance7p,eQp8Pa
279,Jsandye,Maro,jmaro7q@blogger.com,jmaro7q,KCk9hfTyGNm
280,Fee,Tease,ftease7r@tumblr.com,ftease7r,xYnBrtS
281,Nomi,Frank,nfrank7s@weather.com,nfrank7s,AEfbYsw6
282,Patience,Hawthorne,phawthorne7t@telegraph.co.uk,phawthorne7t,kyN2P4n
283,Fernando,Sarfati,fsarfati7u@hatena.ne.jp,fsarfati7u,jiIknRjzaL4g
284,Louisa,Glacken,lglacken7v@ted.com,lglacken7v,X5bdZ8
285,Ludovico,Tunsley,ltunsley7w@biblegateway.com,ltunsley7w,SpHsmZk
286,Daloris,Kinnon,dkinnon7x@opensource.org,dkinnon7x,L0eriMykPN
287,Conni,Steane,csteane7y@oakley.com,csteane7y,Fefy4oP0
288,Cart,Standbridge,cstandbridge7z@posterous.com,cstandbridge7z,GsG9Twg
289,Allx,Boriston,aboriston80@nbcnews.com,aboriston80,JMSark
290,Eda,Corking,ecorking81@constantcontact.com,ecorking81,OSrAAy
291,Kerk,Lavin,klavin82@aboutads.info,klavin82,3IYfUGyjmk
292,Randi,Bartosek,rbartosek83@eepurl.com,rbartosek83,iU1eK9Zt
293,Ola,Smorthit,osmorthit84@nationalgeographic.com,osmorthit84,flCNzW7
294,Ali,Le Sarr,alesarr85@mysql.com,alesarr85,GWgALb
295,Milzie,Faro,mfaro86@hatena.ne.jp,mfaro86,XY7MU2d
296,Tannie,Rollinson,trollinson87@answers.com,trollinson87,OrKi6DmUKsmt
297,Christyna,Barday,cbarday88@statcounter.com,cbarday88,XryUAPS4m
298,Catha,Turrell,cturrell89@ycombinator.com,cturrell89,wSLszy
299,Kenn,Akaster,kakaster8a@tripadvisor.com,kakaster8a,v540jE0
300,Drusy,Limeburn,dlimeburn8b@shareasale.com,dlimeburn8b,2n6kWuk3Ic
301,Clarice,Roscoe,croscoe8c@deliciousdays.com,croscoe8c,yyKHecYcBaB1
302,D'arcy,Delf,ddelf8d@shareasale.com,ddelf8d,hrP0RFZ
303,Carleen,Dyte,cdyte8e@sogou.com,cdyte8e,StYbkjpXUImW
304,Celka,Ulyet,culyet8f@ezinearticles.com,culyet8f,e7tA9sd0Dl3d
305,Teodorico,Barstowk,tbarstowk8g@cpanel.net,tbarstowk8g,h2YZPfgFQm
306,Padget,Polamontayne,ppolamontayne8h@slate.com,ppolamontayne8h,hZX2mfsK0X92
307,Lennie,Rossiter,lrossiter8i@networksolutions.com,lrossiter8i,F7iDlRD29wPW
308,Dannie,Deppe,ddeppe8j@dailymotion.com,ddeppe8j,OpWHRbJy
309,Malachi,Hansley,mhansley8k@phpbb.com,mhansley8k,jBplLmmU
310,Traci,Fullard,tfullard8l@hhs.gov,tfullard8l,8MTCSiSS0AxG
311,Georgie,Chippendale,gchippendale8m@tamu.edu,gchippendale8m,1ThGVcAry
312,Haslett,Shillabear,hshillabear8n@friendfeed.com,hshillabear8n,GWS5RsVoC
313,Livy,Shephard,lshephard8o@tiny.cc,lshephard8o,5nqzABSIWOWv
314,Goldarina,Chafney,gchafney8p@unblog.fr,gchafney8p,0NGDBedTIq
315,Burlie,Goodbar,bgoodbar8q@pcworld.com,bgoodbar8q,lcvH5DKMaxd
316,Lizabeth,Busfield,lbusfield8r@mapquest.com,lbusfield8r,GdgzMRSe
317,Barbabas,Michal,bmichal8s@deliciousdays.com,bmichal8s,BFpIq93N
318,Kim,Lancett,klancett8t@yolasite.com,klancett8t,1XAXl68doICP
319,Piggy,Caddell,pcaddell8u@ocn.ne.jp,pcaddell8u,dfWKdkhTk
320,Gabbie,Papworth,gpapworth8v@prnewswire.com,gpapworth8v,rTqXZP
321,Phillipe,Jarritt,pjarritt8w@samsung.com,pjarritt8w,N2ziVeR9bl
322,Lorain,Soeiro,lsoeiro8x@reverbnation.com,lsoeiro8x,3O4xgivVxV
323,Pernell,Pardew,ppardew8y@psu.edu,ppardew8y,14tzzpppl
324,Dian,Burkin,dburkin8z@google.pl,dburkin8z,SUr7Aa2C4iRT
325,Mamie,Langford,mlangford90@icq.com,mlangford90,cHsLTil
326,Ulrich,Cowherd,ucowherd91@studiopress.com,ucowherd91,LeKkyoF3T1R
327,Novelia,Plaister,nplaister92@yale.edu,nplaister92,wICwv25p
328,Sybil,Tatershall,statershall93@nba.com,statershall93,XaZzkwGE
329,Warde,Landman,wlandman94@list-manage.com,wlandman94,cZoXCRJQnG7q
330,Andie,McGeaney,amcgeaney95@dropbox.com,amcgeaney95,T5d9bPoU
331,Ignazio,Bassill,ibassill96@google.ru,ibassill96,D0VUo4fSQTe
332,Bettye,Mattheus,bmattheus97@npr.org,bmattheus97,8EMS4QOpnK
333,Grethel,Meneo,gmeneo98@nymag.com,gmeneo98,EaK3tYMKU
334,Duffie,Marquand,dmarquand99@diigo.com,dmarquand99,Cc2O9eU
335,Fabe,Salvidge,fsalvidge9a@netscape.com,fsalvidge9a,W4nqxEBU74VK
336,Greer,Nickolls,gnickolls9b@acquirethisname.com,gnickolls9b,NKM3yF
337,Sasha,Fitchet,sfitchet9c@miibeian.gov.cn,sfitchet9c,CxF5kPrf
338,Sonnie,Roblou,sroblou9d@networksolutions.com,sroblou9d,gXKuvc
339,Marietta,Huston,mhuston9e@moonfruit.com,mhuston9e,Juw992YVFR4h
340,Dorothea,Seymark,dseymark9f@comsenz.com,dseymark9f,oF5KApjMMcpM
341,Aubrey,Rembrandt,arembrandt9g@unc.edu,arembrandt9g,2vy035Q
342,Yvonne,Dami,ydami9h@oaic.gov.au,ydami9h,GyiEAgja
343,Gae,Pendle,gpendle9i@nasa.gov,gpendle9i,qwomKGTT
344,Chicky,Sexten,csexten9j@unc.edu,csexten9j,JeH4es2oGnRY
345,Ragnar,Goodoune,rgoodoune9k@xinhuanet.com,rgoodoune9k,a3wE415hh9
346,Orly,Elan,oelan9l@dell.com,oelan9l,lgxrfaW
347,Shawna,Rodman,srodman9m@icq.com,srodman9m,8g2Kho1DS
348,Ruth,Ransfield,rransfield9n@senate.gov,rransfield9n,ZDi5vy6c
349,Kimball,Davidovich,kdavidovich9o@tinypic.com,kdavidovich9o,vQ5J6eOAr9
350,Barby,Espinel,bespinel9p@4shared.com,bespinel9p,DaYpT24I
351,Aldridge,Peppard,apeppard9q@bbc.co.uk,apeppard9q,pVFPfLjC
352,Cordy,Sills,csills9r@pinterest.com,csills9r,U8gmzbXAB
353,Nicholle,Vedenyapin,nvedenyapin9s@arstechnica.com,nvedenyapin9s,2Z50eiIDj
354,Monique,Glazer,mglazer9t@tiny.cc,mglazer9t,Ph2aPiwdlWe1
355,Korry,St. Louis,kstlouis9u@noaa.gov,kstlouis9u,C2hkUbYJs1
356,Malina,Ricson,mricson9v@dmoz.org,mricson9v,JiagUG1pF
357,Marlo,Knapper,mknapper9w@facebook.com,mknapper9w,2dZto4xtFVn
358,Burty,Linne,blinne9x@canalblog.com,blinne9x,bfexMQDgxIp
359,Mariquilla,Curragh,mcurragh9y@phpbb.com,mcurragh9y,R6lTgMh
360,Guy,Bodell,gbodell9z@reverbnation.com,gbodell9z,iicwVVxQ1
361,Vickie,Jacmard,vjacmarda0@cyberchimps.com,vjacmarda0,Lg0CXN
362,Gussi,Tremlett,gtremletta1@cnn.com,gtremletta1,s7YjZlBO1n7E
363,Aleda,Abramovitch,aabramovitcha2@omniture.com,aabramovitcha2,wOhzZjb85ykS
364,Meade,Bartlam,mbartlama3@mozilla.com,mbartlama3,NYq06fWe7E
365,Christen,Etheridge,cetheridgea4@163.com,cetheridgea4,AzGfWoAfe4
366,Blithe,Fripp,bfrippa5@domainmarket.com,bfrippa5,FlYeqxbojbzH
367,Bronny,Bogays,bbogaysa6@hubpages.com,bbogaysa6,EfxzBeyc9o
368,Othilie,Eubank,oeubanka7@yellowbook.com,oeubanka7,nFCMqxVJ
369,Esmeralda,Carnow,ecarnowa8@exblog.jp,ecarnowa8,lU9rXvtcl40R
370,Mozes,Dabling,mdablinga9@rediff.com,mdablinga9,8bke5a0bmrH
371,Ernaline,Geany,egeanyaa@bloglovin.com,egeanyaa,TlYFEArjBV
372,Sampson,Walcot,swalcotab@blogspot.com,swalcotab,bpk6ubGh
373,Dorisa,Bierton,dbiertonac@intel.com,dbiertonac,ELEVqFkZqW
374,Lizabeth,Honisch,lhonischad@discovery.com,lhonischad,cFcY1sNb2
375,Dur,Hamshaw,dhamshawae@ifeng.com,dhamshawae,kYNUhJnQYNO
376,Esmeralda,Barnewelle,ebarnewelleaf@nps.gov,ebarnewelleaf,sO8mPpsFIiTF
377,Boy,Coughan,bcoughanag@globo.com,bcoughanag,GwwhcWl9x7
378,Mathilde,Valerius,mvaleriusah@163.com,mvaleriusah,huz39oJvM9n
379,Roxine,Eyrl,reyrlai@123-reg.co.uk,reyrlai,5TCj0Nz5
380,Cathryn,MacDonell,cmacdonellaj@slashdot.org,cmacdonellaj,kEEPKerIaEmK
381,Melania,Abramchik,mabramchikak@mail.ru,mabramchikak,ifvwJwla
382,Maribelle,Confort,mconfortal@cafepress.com,mconfortal,iYhKvU
383,Geno,Batty,gbattyam@goo.gl,gbattyam,3lutWRi
384,Reinhold,Dutnall,rdutnallan@nationalgeographic.com,rdutnallan,NRJeiKJ8
385,Chloris,Gwalter,cgwalterao@google.com,cgwalterao,cFS0PaB
386,Kaitlin,Swindell,kswindellap@istockphoto.com,kswindellap,8CqAGjHx
387,Mamie,Cutteridge,mcutteridgeaq@skyrock.com,mcutteridgeaq,76MI4dVqJJB
388,Crystie,Wickersham,cwickershamar@psu.edu,cwickershamar,oCtryXd
389,Bonnee,Chapple,bchappleas@blogger.com,bchappleas,3fnM4uCH7iX
390,Izzy,Garaghan,igaraghanat@who.int,igaraghanat,Ukiat6MUA7SD
391,Robin,Puig,rpuigau@wunderground.com,rpuigau,T0oo3gtY7a
392,Junina,Basant,jbasantav@theglobeandmail.com,jbasantav,C7Worz
393,Kori,Aleksandrikin,kaleksandrikinaw@squarespace.com,kaleksandrikinaw,Lick1CW
394,Ewell,Pauwel,epauwelax@bing.com,epauwelax,qBa6nO02X4hg
395,Cathrin,Dronsfield,cdronsfielday@craigslist.org,cdronsfielday,RMK5JG
396,Pegeen,Benka,pbenkaaz@vimeo.com,pbenkaaz,4XAMOMbLIE
397,Dilly,Graysmark,dgraysmarkb0@unc.edu,dgraysmarkb0,RylcyF
398,Garnet,Clayson,gclaysonb1@businessinsider.com,gclaysonb1,KhbdZ6N3o
399,Hi,Guiduzzi,hguiduzzib2@princeton.edu,hguiduzzib2,TZEthsaCV
400,Beatriz,Laird-Craig,blairdcraigb3@tinypic.com,blairdcraigb3,rDykfv5rVx
401,Gayler,Petschelt,gpetscheltb4@sina.com.cn,gpetscheltb4,CVlTZu
402,Cyrill,Messingham,cmessinghamb5@imdb.com,cmessinghamb5,28G5Wnkyqwbo
403,Tomlin,Cast,tcastb6@surveymonkey.com,tcastb6,4dp4ZY5lyJ
404,Arch,MacCauley,amaccauleyb7@washington.edu,amaccauleyb7,Mne15Jnsl2
405,Angus,Ferrieres,aferrieresb8@wunderground.com,aferrieresb8,22GJqNvXp
406,Cleavland,Dutson,cdutsonb9@upenn.edu,cdutsonb9,ktSdCsELdq
407,Marsiella,Condict,mcondictba@twitter.com,mcondictba,bCNy6g
408,Ward,Farnsworth,wfarnsworthbb@foxnews.com,wfarnsworthbb,bNrnWNucPk
409,Florencia,Traill,ftraillbc@paginegialle.it,ftraillbc,2vHCoHRgr
410,Kerianne,Feldfisher,kfeldfisherbd@google.it,kfeldfisherbd,rAKaWny1L
411,Lula,Conduit,lconduitbe@go.com,lconduitbe,Wtcw29C7Qz
412,Tab,Finn,tfinnbf@macromedia.com,tfinnbf,f1JOKu
413,Catarina,Farrants,cfarrantsbg@intel.com,cfarrantsbg,kau9fp
414,Isahella,Goaley,igoaleybh@cbslocal.com,igoaleybh,QwIVZdNH
415,Eward,Coope,ecoopebi@europa.eu,ecoopebi,JzQqxEN2R
416,Britt,Christer,bchristerbj@skyrock.com,bchristerbj,LJwxol9z
417,Wynn,Koeppe,wkoeppebk@fema.gov,wkoeppebk,ppeXpln
418,Karita,Goodredge,kgoodredgebl@t-online.de,kgoodredgebl,qdw5RZvhqXk
419,Isabelita,Potticary,ipotticarybm@state.gov,ipotticarybm,D18t0X1Efl
420,Harlan,Gogerty,hgogertybn@berkeley.edu,hgogertybn,KpLbr9S
421,Morganica,Loakes,mloakesbo@wix.com,mloakesbo,IGF2m1dVt
422,Colet,Crittal,ccrittalbp@mozilla.com,ccrittalbp,KtxK6Ck73Srp
423,Maurene,Zecchinelli,mzecchinellibq@scientificamerican.com,mzecchinellibq,W3EyFyOFB
424,Juline,Ambrogioni,jambrogionibr@pcworld.com,jambrogionibr,2AhTDLtP
425,Ingaberg,Littlemore,ilittlemorebs@jalbum.net,ilittlemorebs,a4B7LX
426,Federica,Unsworth,funsworthbt@edublogs.org,funsworthbt,SLvCBuFVD
427,Hendrick,Cattach,hcattachbu@constantcontact.com,hcattachbu,pU1ljzUul
428,Cynthea,Bonnesen,cbonnesenbv@cafepress.com,cbonnesenbv,89Rlep
429,Kylynn,Wenham,kwenhambw@ftc.gov,kwenhambw,r0AFwaG
430,Joycelin,Durtnell,jdurtnellbx@wordpress.org,jdurtnellbx,tchuvfMMRCeQ
431,Allard,Pearsall,apearsallby@csmonitor.com,apearsallby,pocUhlQJyw4
432,Zelma,Fleckney,zfleckneybz@independent.co.uk,zfleckneybz,Tzg4pIf7
433,Margette,Shatliffe,mshatliffec0@answers.com,mshatliffec0,SaJlfutgMBde
434,Calli,Gandar,cgandarc1@redcross.org,cgandarc1,A2NBEnwHzh8
435,Dorey,Bassam,dbassamc2@phoca.cz,dbassamc2,xnjo26FyZ4b
436,Shane,Ferrandez,sferrandezc3@opera.com,sferrandezc3,HEatcfktfi
437,Brnaba,Knath,bknathc4@diigo.com,bknathc4,xj9mBWJ5a
438,Powell,Maleney,pmaleneyc5@so-net.ne.jp,pmaleneyc5,S05O3O7
439,Consuela,Hinrichs,chinrichsc6@xing.com,chinrichsc6,cEfnx13kN3Ir
440,Vernon,Girardot,vgirardotc7@phoca.cz,vgirardotc7,cr1fd2mPr5J
441,Gerhardine,Sidney,gsidneyc8@elegantthemes.com,gsidneyc8,AIHRZDO
442,Anestassia,Cristofor,acristoforc9@istockphoto.com,acristoforc9,B11zwXDL
443,Cassondra,Twittey,ctwitteyca@ucla.edu,ctwitteyca,V8pwV7gvFJ
444,Ginni,Vereker,gverekercb@mashable.com,gverekercb,wAlEt9
445,Erasmus,Cakebread,ecakebreadcc@naver.com,ecakebreadcc,U67Lf4
446,Cull,Cauthra,ccauthracd@dot.gov,ccauthracd,suZ2YSp7szg
447,Brien,Pelzer,bpelzerce@wix.com,bpelzerce,bYg9EIvAm
448,Agnola,Crosgrove,acrosgrovecf@ft.com,acrosgrovecf,0IIcYaM5g
449,Dominik,Linne,dlinnecg@census.gov,dlinnecg,hUurNHFZ
450,Magda,Liddiatt,mliddiattch@imdb.com,mliddiattch,1Tx2po4YBK
451,Dexter,Keaveney,dkeaveneyci@buzzfeed.com,dkeaveneyci,l3sBCY
452,Barb,Stanner,bstannercj@paypal.com,bstannercj,FbgTGp0
453,Consuela,Konzel,ckonzelck@trellian.com,ckonzelck,0hwAqel
454,Boyd,Dionisetti,bdionisetticl@technorati.com,bdionisetticl,sdj6oRQmJ
455,Niki,Mayhead,nmayheadcm@scribd.com,nmayheadcm,cfI0T3or7fa1
456,Gennifer,Matus,gmatuscn@china.com.cn,gmatuscn,IRE9775O6Nw
457,Irv,Cuss,icussco@fastcompany.com,icussco,YeaAD7WWbFG
458,Mikey,Antonioni,mantonionicp@artisteer.com,mantonionicp,bIJ2fDDJS
459,Hadleigh,Kingsland,hkingslandcq@dyndns.org,hkingslandcq,awBc8G2wPqz
460,Alick,Auten,aautencr@unblog.fr,aautencr,jmMwSBg
461,Guillaume,Stennine,gstenninecs@apple.com,gstenninecs,p8PjOQrv
462,Elisa,De Pero,edeperoct@epa.gov,edeperoct,IOCYJutIPBYF
463,Jeannine,Mateu,jmateucu@toplist.cz,jmateucu,HgXWUpJm5WUE
464,Aldus,Lashmore,alashmorecv@uiuc.edu,alashmorecv,uK5jRLMC5
465,Hamilton,Whyte,hwhytecw@cafepress.com,hwhytecw,c5GK2TRIbcJ
466,Ebony,Burnand,eburnandcx@1und1.de,eburnandcx,uTcTCgiZ
467,Thornie,Torrie,ttorriecy@tuttocitta.it,ttorriecy,SaXIQky6nZPO
468,Shaylyn,Calder,scaldercz@edublogs.org,scaldercz,x1e8HH
469,Jany,Kilgallon,jkilgallond0@go.com,jkilgallond0,0tQjHJLofD8
470,Chiarra,Alvey,calveyd1@dropbox.com,calveyd1,imZ11l4JY5w
471,Kai,Braywood,kbraywoodd2@friendfeed.com,kbraywoodd2,iSU6uaz9iOL
472,Lucius,Marley,lmarleyd3@sourceforge.net,lmarleyd3,ZohQ1qZfxhD
473,Ignatius,Duffet,iduffetd4@google.com.hk,iduffetd4,1ZwCdxXfBV
474,Lindsay,Butterley,lbutterleyd5@clickbank.net,lbutterleyd5,xnl4GMK17
475,Damiano,Ragbourn,dragbournd6@shareasale.com,dragbournd6,DwW19XVblb
476,Shel,Osichev,sosichevd7@hexun.com,sosichevd7,kvKsLkAutnIt
477,Sebastiano,Catley,scatleyd8@dion.ne.jp,scatleyd8,Hct2hXtnikf7
478,Cher,Lehrmann,clehrmannd9@reuters.com,clehrmannd9,2biwi5k
479,Halsey,Brunstan,hbrunstanda@gravatar.com,hbrunstanda,OtHh5T
480,Genevra,Hebbard,ghebbarddb@yolasite.com,ghebbarddb,W8JLrcQP7nS
481,Cathee,Cuxon,ccuxondc@newyorker.com,ccuxondc,ntDkpX7r
482,Dorothy,Dulinty,ddulintydd@networksolutions.com,ddulintydd,GlcSGa
483,Corine,Dabrowski,cdabrowskide@e-recht24.de,cdabrowskide,jDxQXCA3G
484,Zsazsa,Ravens,zravensdf@ucoz.ru,zravensdf,2bSBm2UPNL
485,Bee,Rodd,brodddg@etsy.com,brodddg,RwERkMjbraqW
486,Oralle,Reppaport,oreppaportdh@hubpages.com,oreppaportdh,qEB0lay
487,Salli,Abramino,sabraminodi@skyrock.com,sabraminodi,Zs1yZR
488,Jacquenetta,Leithgoe,jleithgoedj@dmoz.org,jleithgoedj,TxTV5PQxBxW
489,Marice,Brody,mbrodydk@ezinearticles.com,mbrodydk,E2CyVTHdcH
490,Amelita,Hegge,aheggedl@reuters.com,aheggedl,ZUa7frHmSMbv
491,Llewellyn,Reeks,lreeksdm@house.gov,lreeksdm,0jwa42u
492,Graeme,Pee,gpeedn@sogou.com,gpeedn,oNvmUVh1
493,Frederigo,Culley,fculleydo@amazon.com,fculleydo,B99GseKH8KDX
494,Radcliffe,Perch,rperchdp@netlog.com,rperchdp,7x1TccKxBQDj
495,Marnia,Jeyes,mjeyesdq@weather.com,mjeyesdq,tHpJSrP
496,Caterina,Marzelli,cmarzellidr@chicagotribune.com,cmarzellidr,oifP2z4Vi
497,Gizela,Worden,gwordends@digg.com,gwordends,oWWXKA
498,Nicolas,Buncombe,nbuncombedt@salon.com,nbuncombedt,jy5s5z
499,Arlen,Bainbridge,abainbridgedu@bluehost.com,abainbridgedu,rlZLFZmSjL
500,Cletus,Farnes,cfarnesdv@mtv.com,cfarnesdv,m4nYN5g
501,Crystie,Kolakovic,ckolakovicdw@addthis.com,ckolakovicdw,nuBlF4QRRLhw
502,Annie,Fink,afinkdx@wikimedia.org,afinkdx,HRA1QHpz
503,Joeann,Etchells,jetchellsdy@whitehouse.gov,jetchellsdy,HOskDj
504,Leontyne,Eaves,leavesdz@miibeian.gov.cn,leavesdz,gpDDgvVekc
505,Kirby,McDonagh,kmcdonaghe0@vimeo.com,kmcdonaghe0,qqhqgeVyHsn3
506,Bernete,Abrey,babreye1@i2i.jp,babreye1,shzQ67dxMD
507,Darbie,Dendon,ddendone2@usnews.com,ddendone2,hffGx62YCibX
508,Ollie,Lambertson,olambertsone3@usnews.com,olambertsone3,bJLjc13
509,Barby,Bolesworth,bbolesworthe4@narod.ru,bbolesworthe4,J00OJRAAwFoj
510,Siward,Bessett,sbessette5@moonfruit.com,sbessette5,ZiMxo4WKaL7g
511,Rachele,Kellett,rkellette6@marketwatch.com,rkellette6,O998wL2hcSc
512,Mellisa,Sneden,msnedene7@yellowbook.com,msnedene7,wPwDSFwg
513,Michel,Brame,mbramee8@ebay.com,mbramee8,00pNKvSAeX
514,Anthia,Rosendahl,arosendahle9@drupal.org,arosendahle9,A87lzx
515,Fee,Stillwell,fstillwellea@youtu.be,fstillwellea,MltMoR1Nc
516,Johnna,Schrader,jschradereb@w3.org,jschradereb,snuuoodNCt
517,Horatia,Pantling,hpantlingec@vimeo.com,hpantlingec,AnurtU
518,Esra,Gyrgorwicx,egyrgorwicxed@sbwire.com,egyrgorwicxed,QsA9e7v
519,Gilbertina,Broinlich,gbroinlichee@google.fr,gbroinlichee,MkOMSOjeOJ
520,Urbano,Gaskall,ugaskallef@gizmodo.com,ugaskallef,1sfsSbH8
521,Juana,Bownd,jbowndeg@google.ca,jbowndeg,kBxOcW
522,Letisha,Eastmond,leastmondeh@squarespace.com,leastmondeh,xEdM6QiGzT
523,Viki,Stolworthy,vstolworthyei@alexa.com,vstolworthyei,FId6YhWHB
524,Efrem,Hayer,ehayerej@wsj.com,ehayerej,mmIlua8n
525,Rafi,Mansbridge,rmansbridgeek@baidu.com,rmansbridgeek,0UqOOraQQr
526,Bettye,Dowdell,bdowdellel@dyndns.org,bdowdellel,emhysErckk
527,Nealson,Baudassi,nbaudassiem@berkeley.edu,nbaudassiem,ci5B3nQ
528,Francklin,Llewellin,fllewellinen@imageshack.us,fllewellinen,PAAiIoMBmL4
529,Ernestine,Gladtbach,egladtbacheo@themeforest.net,egladtbacheo,f1NAxYDWclzw
530,Jordon,Openshaw,jopenshawep@chronoengine.com,jopenshawep,rky68dIKvTf2
531,Bunnie,Leblanc,bleblanceq@blogspot.com,bleblanceq,VV0LaCC
532,Georgetta,Elliman,gellimaner@storify.com,gellimaner,azBmE3
533,Kyle,Battle,kbattlees@boston.com,kbattlees,nfv7YWIhFDaF
534,Sancho,Vallack,svallacket@icq.com,svallacket,c2W9Ozb
535,Jacintha,Brute,jbruteeu@bravesites.com,jbruteeu,MmcMl7Ih
536,Rafaelia,Devin,rdevinev@wikia.com,rdevinev,f4KeL4
537,Harriot,Tyhurst,htyhurstew@wired.com,htyhurstew,8Q0ftFYs
538,Karl,Locke,klockeex@paypal.com,klockeex,CzImwMcejHk7
539,Darnell,Godleman,dgodlemaney@thetimes.co.uk,dgodlemaney,7ANLE9PjLC
540,Jorgan,Querrard,jquerrardez@yellowpages.com,jquerrardez,ojdMPS7z
541,Kendrick,Langeren,klangerenf0@aol.com,klangerenf0,Cp8xNr4A
542,Erastus,Tomala,etomalaf1@spiegel.de,etomalaf1,0pIKt85ft
543,Emmy,Cranstoun,ecranstounf2@pagesperso-orange.fr,ecranstounf2,aFIrlD2aPm
544,Sibyl,Petrecz,spetreczf3@si.edu,spetreczf3,2QEFtQ
545,Bird,Simonard,bsimonardf4@cnbc.com,bsimonardf4,fdJRZ1H
546,Marley,Josebury,mjoseburyf5@samsung.com,mjoseburyf5,DFoSByxCW
547,Xaviera,Oxbrow,xoxbrowf6@msu.edu,xoxbrowf6,E3edpXyJ3
548,Harris,MacDuffie,hmacduffief7@taobao.com,hmacduffief7,8cTLApEb4
549,Konrad,Ingold,kingoldf8@mozilla.org,kingoldf8,JHawNrHMK
550,Foster,Mellings,fmellingsf9@deviantart.com,fmellingsf9,pF0zEUvpelli
551,Claudelle,Petty,cpettyfa@yellowbook.com,cpettyfa,FKRsQOByQY
552,Derrik,Dewitt,ddewittfb@surveymonkey.com,ddewittfb,bXHVB9jgmSM
553,Tremaine,Zecchini,tzecchinifc@guardian.co.uk,tzecchinifc,E2PZiMwyEu
554,Danella,Crookshank,dcrookshankfd@vimeo.com,dcrookshankfd,e1NLvRsH
555,Karly,Britland,kbritlandfe@ameblo.jp,kbritlandfe,ILpgDz6sPATM
556,Kyle,Shann,kshannff@over-blog.com,kshannff,l0JehkiJ
557,Brooke,Dummett,bdummettfg@tiny.cc,bdummettfg,OMOjAR
558,Marcile,Lukes,mlukesfh@engadget.com,mlukesfh,TQxgZqMnS4
559,Rochell,Weatherley,rweatherleyfi@amazon.de,rweatherleyfi,zvjTeKmD2k5X
560,Caprice,Corradino,ccorradinofj@bandcamp.com,ccorradinofj,sLj7eopM
561,Darrick,Claessens,dclaessensfk@china.com.cn,dclaessensfk,5DioiF0TZKPZ
562,Claretta,Congrave,ccongravefl@unblog.fr,ccongravefl,O4AHVFdd8
563,Urbano,Curuclis,ucuruclisfm@who.int,ucuruclisfm,0a2grEnsnw
564,Maris,Feifer,mfeiferfn@shareasale.com,mfeiferfn,TqD19R
565,Doro,McDool,dmcdoolfo@4shared.com,dmcdoolfo,OUjEnDFIeW
566,Adria,Mawford,amawfordfp@mashable.com,amawfordfp,dDgdbPh2GFr
567,Lewiss,Coathup,lcoathupfq@webmd.com,lcoathupfq,yhvd4QDm3X
568,Cathe,Toretta,ctorettafr@cnn.com,ctorettafr,PiAtlzWquIh
569,Adel,Paolillo,apaolillofs@ucsd.edu,apaolillofs,tDdFYqo6V
570,Rina,Crookall,rcrookallft@craigslist.org,rcrookallft,GtaoMDv
571,Kyla,Fabri,kfabrifu@ibm.com,kfabrifu,FK4F5Caol
572,Coletta,Martinovic,cmartinovicfv@sciencedirect.com,cmartinovicfv,MPPoTYzHKa
573,Joline,O'Hannen,johannenfw@squarespace.com,johannenfw,89wJnnEYY3ha
574,Dahlia,Fardell,dfardellfx@hugedomains.com,dfardellfx,UU5Qx3
575,Candide,Savine,csavinefy@godaddy.com,csavinefy,2Tu33Z
576,Monique,Lewton,mlewtonfz@booking.com,mlewtonfz,OFBXOrhBY8
577,Sibby,Mullan,smullang0@sohu.com,smullang0,rbK5aQF
578,Caye,Kirimaa,ckirimaag1@virginia.edu,ckirimaag1,nobYBRlj3iQ
579,Huey,Bergstrand,hbergstrandg2@ucoz.com,hbergstrandg2,oGty5x
580,Derry,Umney,dumneyg3@who.int,dumneyg3,W6MCBS7p5TpP
581,Malchy,Moniker,mmonikerg4@blogtalkradio.com,mmonikerg4,P7LVkgUT
582,Halette,Januszkiewicz,hjanuszkiewiczg5@google.pl,hjanuszkiewiczg5,LN0SaZ5f
583,Bel,Bossons,bbossonsg6@csmonitor.com,bbossonsg6,IwscTUf9D
584,Monique,Stobie,mstobieg7@google.it,mstobieg7,VolmwW9rEO
585,Rourke,Bax,rbaxg8@wix.com,rbaxg8,Otq906ov
586,Dyanna,O'Caherny,docahernyg9@theguardian.com,docahernyg9,fJfVuKEuLU
587,Abelard,Della,adellaga@xinhuanet.com,adellaga,o6kuXvMYt8
588,Maxim,Jachtym,mjachtymgb@soundcloud.com,mjachtymgb,FnZ9wfy3KK
589,Coreen,Bulmer,cbulmergc@symantec.com,cbulmergc,NeLCA6XLWX
590,Kip,Hunte,khuntegd@bluehost.com,khuntegd,ClqKXoslYgOr
591,Lisbeth,Riddoch,lriddochge@digg.com,lriddochge,P6DFBfY4C
592,Grady,Saph,gsaphgf@t.co,gsaphgf,roqf7IO
593,Geri,Blakiston,gblakistongg@toplist.cz,gblakistongg,LKa0wPww
594,Edee,Cleaton,ecleatongh@dedecms.com,ecleatongh,PBlDH3TgojL
595,Zola,Olliffe,zolliffegi@technorati.com,zolliffegi,soxxh2
596,Dwight,Hartwright,dhartwrightgj@yellowpages.com,dhartwrightgj,ibsUIlejq
597,Vivianne,Schroeder,vschroedergk@prlog.org,vschroedergk,OKZyh8TNe
598,Callida,Deere,cdeeregl@tmall.com,cdeeregl,Jnjchcn
599,Murielle,Lahive,mlahivegm@apple.com,mlahivegm,KDQukjX
600,Davon,Worsnop,dworsnopgn@photobucket.com,dworsnopgn,PNYgfif
601,Dorotea,Stoggell,dstoggellgo@hostgator.com,dstoggellgo,MdNfi3FjEay
602,Johnny,Rembrandt,jrembrandtgp@admin.ch,jrembrandtgp,Vz8oYs
603,Ariel,Edmundson,aedmundsongq@sfgate.com,aedmundsongq,cU4pMrromeV
604,Casi,Halpine,chalpinegr@eepurl.com,chalpinegr,lnmtXOlU
605,Darill,Pettersen,dpettersengs@goo.ne.jp,dpettersengs,936HgZk
606,Randi,Bawden,rbawdengt@sfgate.com,rbawdengt,9g0OtTHB
607,Julianne,Foale,jfoalegu@washington.edu,jfoalegu,1GsOB7IG8cy
608,Sampson,Joddens,sjoddensgv@microsoft.com,sjoddensgv,zcw3Reuww
609,Reed,Bettington,rbettingtongw@webeden.co.uk,rbettingtongw,8T5y2aF
610,Emlyn,Amor,eamorgx@reverbnation.com,eamorgx,7ouCdXuWGPF5
611,Daryl,Jeppensen,djeppensengy@woothemes.com,djeppensengy,awYoKgwF6qP
612,Carlita,Dorr,cdorrgz@reference.com,cdorrgz,cR4ga7r052j
613,Fenelia,Latan,flatanh0@furl.net,flatanh0,Q6lYfZ
614,Abbie,Armer,aarmerh1@weather.com,aarmerh1,0Cb12eqc0043
615,Joan,Careless,jcarelessh2@geocities.com,jcarelessh2,SgNxwk
616,Siegfried,Whines,swhinesh3@yandex.ru,swhinesh3,rnOBjp47w
617,Benny,Cordel,bcordelh4@networkadvertising.org,bcordelh4,NmjyrAoyx
618,Nancy,Wanden,nwandenh5@bizjournals.com,nwandenh5,y166hb
619,Agace,Eldered,aelderedh6@blogs.com,aelderedh6,QFq5i7
620,Carroll,Kiraly,ckiralyh7@etsy.com,ckiralyh7,wvAoxMrOpT3
621,Wilek,Cunrado,wcunradoh8@indiegogo.com,wcunradoh8,3ABf5ohkQ
622,Irene,Giblin,igiblinh9@nydailynews.com,igiblinh9,2rFEHvDf18Ll
623,Perri,Esposito,pespositoha@tumblr.com,pespositoha,TYsVqhV
624,Erna,Brothwood,ebrothwoodhb@slashdot.org,ebrothwoodhb,UzNJC8x
625,Tracie,Chaudhry,tchaudhryhc@friendfeed.com,tchaudhryhc,lTTpiP
626,Ema,Puddle,epuddlehd@tumblr.com,epuddlehd,mdqkNKKk
627,Chandal,Belderfield,cbelderfieldhe@discovery.com,cbelderfieldhe,H0hdgwG2
628,Mickie,Signoret,msignorethf@biglobe.ne.jp,msignorethf,X5KFXI
629,Sanson,Kayne,skaynehg@msn.com,skaynehg,bFtwWMZ
630,Jason,Brann,jbrannhh@de.vu,jbrannhh,ciq3AgtUnu
631,Gibbie,Castangia,gcastangiahi@newsvine.com,gcastangiahi,iaLhWJN9Olu
632,Amargo,Abramzon,aabramzonhj@over-blog.com,aabramzonhj,mj8gdMk8
633,Udell,Stiegar,ustiegarhk@hatena.ne.jp,ustiegarhk,awqv72jbmGMN
634,Emmit,Queenborough,equeenboroughhl@netscape.com,equeenboroughhl,QWOExnUSSPk
635,Aurore,Swanson,aswansonhm@drupal.org,aswansonhm,x1yILn
636,Dotti,Grigoryev,dgrigoryevhn@noaa.gov,dgrigoryevhn,Z8v0RoKT
637,Kain,Avramovsky,kavramovskyho@wunderground.com,kavramovskyho,y3hWcGeikdJN
638,Conrad,Domingues,cdomingueshp@behance.net,cdomingueshp,s9WKtfk
639,Jerrie,Kubach,jkubachhq@hao123.com,jkubachhq,Az8rdWFehd
640,Warner,Culshaw,wculshawhr@youku.com,wculshawhr,cFf5smEaqK
641,Myca,Faiers,mfaiershs@flavors.me,mfaiershs,PtZDcP
642,Nathalia,Denyukin,ndenyukinht@imdb.com,ndenyukinht,uEB49sULfDgL
643,Terza,Smooth,tsmoothhu@skype.com,tsmoothhu,oOFJ40Lx
644,Shelagh,Schafer,sschaferhv@addthis.com,sschaferhv,Keo4ZXS
645,Dorian,McEnery,dmceneryhw@sciencedaily.com,dmceneryhw,Edj3wb
646,Lezley,Ransfield,lransfieldhx@xing.com,lransfieldhx,CSKEbP2SSyBD
647,Dianemarie,Dibble,ddibblehy@bbb.org,ddibblehy,qgSe9W
648,Humfried,Sibbit,hsibbithz@businessweek.com,hsibbithz,Vs6wxz3R
649,Oates,Bricham,obrichami0@apache.org,obrichami0,b06iwrhDKsz
650,Leslie,Tellesson,ltellessoni1@usgs.gov,ltellessoni1,jGoQk3
651,Barrie,Skegg,bskeggi2@indiegogo.com,bskeggi2,CvJ7ub8aF38
652,Rasla,Huertas,rhuertasi3@photobucket.com,rhuertasi3,S8tFmDISqtI
653,Haily,Maddrah,hmaddrahi4@google.com.hk,hmaddrahi4,MEAY03
654,Norry,MacCague,nmaccaguei5@shop-pro.jp,nmaccaguei5,0ptnrkYMO6tk
655,Shandee,Tythacott,stythacotti6@harvard.edu,stythacotti6,P2cQVKS6F6b
656,Arly,Shedden,asheddeni7@skype.com,asheddeni7,Xt2GCXN
657,Pepito,Kindell,pkindelli8@deviantart.com,pkindelli8,w0ymLLMn
658,Moritz,Dayton,mdaytoni9@google.de,mdaytoni9,cOVun4vd
659,Lynde,Bergstram,lbergstramia@pbs.org,lbergstramia,9oOgZkKtpFo
660,Bent,Oseman,bosemanib@eepurl.com,bosemanib,TVf2ta3Rx
661,Bobbi,Stringfellow,bstringfellowic@cafepress.com,bstringfellowic,46ysCp1R
662,Ramsay,Janos,rjanosid@home.pl,rjanosid,fuQXGiDS
663,Evangelia,Fromont,efromontie@naver.com,efromontie,sMU5klbz
664,Kylila,Loram,kloramif@studiopress.com,kloramif,2LZeYZr9u
665,Thurstan,Willavize,twillavizeig@cnet.com,twillavizeig,YVreHmd
666,Leonidas,Pratley,lpratleyih@shareasale.com,lpratleyih,ZK5XSx
667,Tait,Josskoviz,tjosskovizii@deliciousdays.com,tjosskovizii,uj88rTenrAE
668,Ursula,Pierro,upierroij@rambler.ru,upierroij,DVuCCImVBH
669,Jazmin,Eslie,jeslieik@deliciousdays.com,jeslieik,CjfZSsQKQToo
670,Cornie,Kennea,ckenneail@photobucket.com,ckenneail,q0AHdf177Kq
671,Joyann,Giller,jgillerim@1und1.de,jgillerim,XJ1tbjVeQyT5
672,Del,Rizzi,drizziin@oaic.gov.au,drizziin,fepcXNlcqk
673,Randie,Tye,rtyeio@globo.com,rtyeio,YlESAPE2Zg5
674,Sauncho,Suttell,ssuttellip@icq.com,ssuttellip,zH6tP0
675,Arliene,Cazin,acaziniq@mashable.com,acaziniq,EMANqGCRL
676,Fina,Touzey,ftouzeyir@list-manage.com,ftouzeyir,Z70MrKeBcS
677,Renie,Eynald,reynaldis@free.fr,reynaldis,6Re3nDZ
678,Tori,Pymm,tpymmit@umich.edu,tpymmit,dt3s6PydAE
679,Abey,Saur,asauriu@google.co.uk,asauriu,NOQaQq
680,Phil,Matussov,pmatussoviv@imgur.com,pmatussoviv,0QmEZA0v79PB
681,Wallis,Compton,wcomptoniw@alibaba.com,wcomptoniw,NXhERlt
682,Gaston,Okie,gokieix@foxnews.com,gokieix,YpY2du
683,Anton,Kofax,akofaxiy@cbc.ca,akofaxiy,nine1RbFoxy
684,Drona,Scudamore,dscudamoreiz@umich.edu,dscudamoreiz,4ye1C1DMhmX
685,Fremont,Matuszyk,fmatuszykj0@nps.gov,fmatuszykj0,WdVoRanK
686,Tricia,Gleave,tgleavej1@nasa.gov,tgleavej1,Xzc1vdps1C
687,Terri,Weildish,tweildishj2@narod.ru,tweildishj2,Iucq7P
688,Shawna,Upward,supwardj3@hostgator.com,supwardj3,aSraJN9F
689,Yule,Westgate,ywestgatej4@google.com.br,ywestgatej4,SWUglu
690,Ethelind,Kiefer,ekieferj5@shutterfly.com,ekieferj5,ioIpCe0k
691,Nicoline,Breadon,nbreadonj6@cdbaby.com,nbreadonj6,5SEfjmx9AOZU
692,Torey,Morphet,tmorphetj7@liveinternet.ru,tmorphetj7,ftn1Te
693,Delmore,Grindley,dgrindleyj8@marriott.com,dgrindleyj8,VFTXmn
694,Zsazsa,Betham,zbethamj9@answers.com,zbethamj9,8k6Vf65
695,Vernen,McKissack,vmckissackja@mysql.com,vmckissackja,QPOTosG9oOd
696,Carmela,Woolliams,cwoolliamsjb@privacy.gov.au,cwoolliamsjb,SzMeMseL
697,Amerigo,Rickett,arickettjc@hostgator.com,arickettjc,xdGsT9BHb7a3
698,Valentina,Lednor,vlednorjd@sfgate.com,vlednorjd,pZbssz
699,Waite,Chaudrelle,wchaudrelleje@fastcompany.com,wchaudrelleje,JgiC6XTr
700,Viviana,Gawthrope,vgawthropejf@uol.com.br,vgawthropejf,epQjYcu11P
701,Graig,Akram,gakramjg@yahoo.co.jp,gakramjg,GQo2lvA
702,Sydney,Ballance,sballancejh@360.cn,sballancejh,i2jFWcy
703,Erich,Ricioppo,ericioppoji@ihg.com,ericioppoji,ODdS0O2xJLio
704,Marlo,Pharaoh,mpharaohjj@google.com.br,mpharaohjj,4aFJkicsga9I
705,Imogen,Wyon,iwyonjk@archive.org,iwyonjk,SXmi0myywG
706,Beck,Banbrook,bbanbrookjl@constantcontact.com,bbanbrookjl,nEut7QO
707,Carolee,Di Pietro,cdipietrojm@globo.com,cdipietrojm,AonAENgR0
708,Toby,Welchman,twelchmanjn@state.gov,twelchmanjn,E90C2CoY6
709,Chen,Petow,cpetowjo@toplist.cz,cpetowjo,A1T5RMlnmQ1h
710,Ferrel,Schott,fschottjp@uiuc.edu,fschottjp,HkWOl6O9AoM
711,Drake,Zima,dzimajq@vimeo.com,dzimajq,jXWqsh8beOa
712,Ad,Stratz,astratzjr@booking.com,astratzjr,URs6Oh990XW
713,Analiese,Skeel,askeeljs@dot.gov,askeeljs,xvXDgU4I
714,Lissi,Dutnell,ldutnelljt@barnesandnoble.com,ldutnelljt,TL79B2WhZ
715,Talia,Rohlfs,trohlfsju@constantcontact.com,trohlfsju,3bQm4nz
716,Tate,Caizley,tcaizleyjv@mit.edu,tcaizleyjv,ftvPpw83
717,Tiffanie,Kubach,tkubachjw@xing.com,tkubachjw,SzPVsIQ
718,Lorrie,Purrier,lpurrierjx@bandcamp.com,lpurrierjx,fqcqBcqi3N
719,Boris,Ballard,bballardjy@so-net.ne.jp,bballardjy,kkdKQA
720,Thornie,Gouldstone,tgouldstonejz@joomla.org,tgouldstonejz,0fWOGA
721,Jessi,Yeaman,jyeamank0@omniture.com,jyeamank0,3Qr36vK1eg
722,Fannie,Inchan,finchank1@eventbrite.com,finchank1,FMeuuoqXJE
723,Dalia,Lazenby,dlazenbyk2@wisc.edu,dlazenbyk2,2ERfQoh
724,Esmeralda,Quelch,equelchk3@google.de,equelchk3,ciTKjmy1
725,Leonelle,Adshead,ladsheadk4@ocn.ne.jp,ladsheadk4,CS17G1l
726,Dante,Salvage,dsalvagek5@wikimedia.org,dsalvagek5,1ZE873HkD
727,Starlene,Anscombe,sanscombek6@facebook.com,sanscombek6,OJ5jeIyg
728,Ethelin,Shapcote,eshapcotek7@hp.com,eshapcotek7,Wica3ef
729,Isacco,Elstob,ielstobk8@reference.com,ielstobk8,K8HlTRh
730,Jessalin,FitzGibbon,jfitzgibbonk9@jalbum.net,jfitzgibbonk9,lAVqwkiRy9t
731,Ara,Dyerson,adyersonka@apache.org,adyersonka,0aQEZu59
732,Judah,Beckett,jbeckettkb@amazon.de,jbeckettkb,l86ibV8QK
733,Jennette,Shirlaw,jshirlawkc@arstechnica.com,jshirlawkc,1dEuwW5dE
734,Myrtie,Buggy,mbuggykd@census.gov,mbuggykd,3dvVzJvRWds
735,Maurita,Doull,mdoullke@admin.ch,mdoullke,4rvsO2
736,Moishe,Skentelbery,mskentelberykf@ft.com,mskentelberykf,Fj4lRspfql
737,Missie,Fealey,mfealeykg@upenn.edu,mfealeykg,nYLkRRf
738,Dalli,Watman,dwatmankh@google.ca,dwatmankh,sgpAHRfr2P
739,Gina,Joslyn,gjoslynki@hibu.com,gjoslynki,3wA7UPhr
740,Nickolai,Backman,nbackmankj@dedecms.com,nbackmankj,WMdVzS8X33IM
741,Lissi,Kaufman,lkaufmankk@auda.org.au,lkaufmankk,VjuTaUC3fHN8
742,Nellie,Charrette,ncharrettekl@yahoo.co.jp,ncharrettekl,SwbQaeVbv3
743,Tabor,Veracruysse,tveracruyssekm@businessweek.com,tveracruyssekm,tCd0eSa
744,Patience,Kellie,pkelliekn@sun.com,pkelliekn,b7zwMRvjlo
745,Ambur,Womack,awomackko@flavors.me,awomackko,4XBX6mNyVX
746,Velvet,Fettiplace,vfettiplacekp@myspace.com,vfettiplacekp,fAUwMxx9iq
747,Dame,Fentem,dfentemkq@apple.com,dfentemkq,bKqR7CRe
748,Catherine,Waplinton,cwaplintonkr@parallels.com,cwaplintonkr,j6Ef0FesAnhx
749,Floria,Dowell,fdowellks@chronoengine.com,fdowellks,SIB7y5
750,Caz,Sivior,csiviorkt@taobao.com,csiviorkt,dguYHI819fx
751,Selma,Wainer,swainerku@army.mil,swainerku,hS1ePVrhM
752,Rey,Jumel,rjumelkv@altervista.org,rjumelkv,LulAC3Dsv
753,Sybyl,Tumasian,stumasiankw@wikimedia.org,stumasiankw,xy8KxcD
754,Alwyn,Dymidowicz,adymidowiczkx@php.net,adymidowiczkx,XkJ7s2VJuG
755,Darline,Grouvel,dgrouvelky@pen.io,dgrouvelky,Zd2yqMGUzG0
756,Kristyn,Devennie,kdevenniekz@ucoz.ru,kdevenniekz,ji1GUJO
757,Beatrix,Senten,bsentenl0@facebook.com,bsentenl0,rqHoCl9
758,Henri,Liebmann,hliebmannl1@over-blog.com,hliebmannl1,4ZR9jkM7s
759,Jermain,Blaby,jblabyl2@cnn.com,jblabyl2,KFcb8kGGVey
760,Town,Slemming,tslemmingl3@symantec.com,tslemmingl3,9Bad29
761,Albrecht,Bayfield,abayfieldl4@blogspot.com,abayfieldl4,Jv6u36KJ5Gj
762,Erminie,Mabley,emableyl5@washingtonpost.com,emableyl5,J40k1Oa
763,Pattin,Marjoribanks,pmarjoribanksl6@about.com,pmarjoribanksl6,zrxyrUPwuxXn
764,North,Maccrae,nmaccrael7@bloglines.com,nmaccrael7,jKmNjCei
765,Scottie,Shouler,sshoulerl8@blogger.com,sshoulerl8,MXk02p
766,Erma,Murrum,emurruml9@purevolume.com,emurruml9,IB95lPW2Te
767,Chantal,Bridewell,cbridewellla@cnn.com,cbridewellla,CpoH1DdAjs
768,Jeniece,Waything,jwaythinglb@odnoklassniki.ru,jwaythinglb,EyASs9fr
769,Otho,Cypler,ocyplerlc@sciencedirect.com,ocyplerlc,NkxBQqhBTFcU
770,Rory,Jeckells,rjeckellsld@mapquest.com,rjeckellsld,3cwnsrU6
771,Dominik,Kneath,dkneathle@squarespace.com,dkneathle,dyex7jdnB
772,Karil,Melville,kmelvillelf@tmall.com,kmelvillelf,CfgE0eXn
773,Travus,Posthill,tposthilllg@google.ca,tposthilllg,fvzVvq
774,Dalli,Annandale,dannandalelh@howstuffworks.com,dannandalelh,NbjDsLyaX5WP
775,Ody,Flello,oflelloli@google.it,oflelloli,8vlL62Czq
776,Patin,Sweynson,psweynsonlj@shop-pro.jp,psweynsonlj,1fiAhp3F8M
777,Heinrick,Hadgkiss,hhadgkisslk@princeton.edu,hhadgkisslk,OtxLd1x
778,Maurits,Dutton,mduttonll@godaddy.com,mduttonll,5QWbkJ09txf
779,Humfrey,Merredy,hmerredylm@desdev.cn,hmerredylm,t9gGg3YVLrz
780,Cristi,Dunrige,cdunrigeln@vkontakte.ru,cdunrigeln,YlJXDiMjzuYl
781,Mohandas,Veeler,mveelerlo@state.gov,mveelerlo,iavh0Yx7Fl
782,Anitra,Kubczak,akubczaklp@ibm.com,akubczaklp,i41Sop
783,Gretta,Pickersail,gpickersaillq@diigo.com,gpickersaillq,zONuJczBRbqB
784,Jessamyn,Kenwyn,jkenwynlr@ted.com,jkenwynlr,JaLyF8nN
785,Kellby,Mulcahy,kmulcahyls@phpbb.com,kmulcahyls,8CQvO7a9gDG
786,Glynn,McCarroll,gmccarrolllt@buzzfeed.com,gmccarrolllt,j1ZE9YVfB8Y
787,Forster,Mosen,fmosenlu@storify.com,fmosenlu,DSE168
788,Brittni,Swire,bswirelv@ibm.com,bswirelv,hPG80REE
789,Johnathon,O'Scully,joscullylw@wikia.com,joscullylw,Gin69mIHo
790,Corey,Bicker,cbickerlx@wp.com,cbickerlx,zEiYg6D9sm
791,Meade,Furminger,mfurmingerly@tiny.cc,mfurmingerly,cAoFOCHu
792,Em,Pullar,epullarlz@amazonaws.com,epullarlz,D7lzI4M941t
793,Marthena,Ancketill,mancketillm0@cafepress.com,mancketillm0,DwSQt6R8
794,Demetris,Scrammage,dscrammagem1@spiegel.de,dscrammagem1,qUIhEhc
795,Sile,Gillett,sgillettm2@sphinn.com,sgillettm2,JViS0bE
796,Sheila-kathryn,Wakely,swakelym3@google.nl,swakelym3,wwAhYxxEV
797,Chandler,Merigon,cmerigonm4@w3.org,cmerigonm4,V9ODf5Hi
798,Agna,Soffe,asoffem5@skyrock.com,asoffem5,peebOlA
799,Else,Vawton,evawtonm6@samsung.com,evawtonm6,w0IuCV4BlfTO
800,Cleo,Lofts,cloftsm7@mapquest.com,cloftsm7,PNnq0eFo
801,Suzy,Sawood,ssawoodm8@sitemeter.com,ssawoodm8,aZ3q5i9
802,Valerye,Bartalucci,vbartaluccim9@auda.org.au,vbartaluccim9,1uru7zs
803,Bibbie,Janaszewski,bjanaszewskima@blogtalkradio.com,bjanaszewskima,urNRXj1cWY
804,Ronnie,Golson,rgolsonmb@craigslist.org,rgolsonmb,acvE4Kj0
805,Shirl,Durnall,sdurnallmc@so-net.ne.jp,sdurnallmc,TKqiZM
806,Zola,Studders,zstuddersmd@miibeian.gov.cn,zstuddersmd,VZdsOK7I13H
807,Chrissy,Dunkinson,cdunkinsonme@npr.org,cdunkinsonme,KXJFhnR5A8KI
808,Joseph,Manns,jmannsmf@ebay.co.uk,jmannsmf,Dn1mwz6biHba
809,Karlotta,Jermin,kjerminmg@twitpic.com,kjerminmg,ybdNFERcDW
810,Billie,Tudgay,btudgaymh@who.int,btudgaymh,AHKfoUd0X
811,Krystalle,Docket,kdocketmi@columbia.edu,kdocketmi,nBdzDWQXMH
812,Miles,Trounce,mtrouncemj@last.fm,mtrouncemj,aSkMtBOAp
813,Reuven,Bault,rbaultmk@miibeian.gov.cn,rbaultmk,pvuQVG
814,Rivkah,O'Duggan,rodugganml@wix.com,rodugganml,CLjAtJ8VM4P
815,Basilius,Lakeman,blakemanmm@csmonitor.com,blakemanmm,2vcrJdtzj
816,Traci,Garnam,tgarnammn@biblegateway.com,tgarnammn,JimsZr
817,Sherlock,Luxton,sluxtonmo@newsvine.com,sluxtonmo,kSZ8V87kXe
818,Benjie,Winckworth,bwinckworthmp@nhs.uk,bwinckworthmp,0L7w6W
819,Adrian,Pele,apelemq@ehow.com,apelemq,55cWNG
820,Kaleb,McCormick,kmccormickmr@last.fm,kmccormickmr,Aipy6OU0l
821,Elbertina,Du Fray,edufrayms@purevolume.com,edufrayms,MS3giU0SK
822,Rebekkah,Walcher,rwalchermt@hostgator.com,rwalchermt,tHmUEf0
823,Tiffie,Richten,trichtenmu@epa.gov,trichtenmu,MXW0YJExUKLb
824,Dougy,Paulou,dpauloumv@dot.gov,dpauloumv,PISgstuoujF
825,Cinderella,Heister,cheistermw@usa.gov,cheistermw,dxYVvoMGe
826,Mathew,Titlow,mtitlowmx@auda.org.au,mtitlowmx,WaqPIo0pHILL
827,Reinold,O'Dea,rodeamy@reverbnation.com,rodeamy,Az36Dj
828,Humfrid,Durtnall,hdurtnallmz@theatlantic.com,hdurtnallmz,9hmGNsJRx
829,Frans,Gallie,fgallien0@weibo.com,fgallien0,w1U4nLetD
830,Doug,Maud,dmaudn1@storify.com,dmaudn1,JksG3cuj0H
831,Davin,Kelle,dkellen2@google.com.br,dkellen2,iIvzIynn
832,Aurthur,Fawcus,afawcusn3@engadget.com,afawcusn3,eabEkwEnSBYn
833,Chickie,Jordan,cjordann4@pinterest.com,cjordann4,lTzW2pl8cu
834,Niki,Gotcliffe,ngotcliffen5@ucsd.edu,ngotcliffen5,Vrd4EYjGT
835,Alair,Longfoot,alongfootn6@addtoany.com,alongfootn6,SeXgrXRK0
836,Artair,Robottom,arobottomn7@globo.com,arobottomn7,IiX8P2z
837,Lindsy,Scartifield,lscartifieldn8@yandex.ru,lscartifieldn8,iveeOdnV
838,Beret,Ivanonko,bivanonkon9@yahoo.com,bivanonkon9,dmKJ6Fpm01d
839,Berton,Dibden,bdibdenna@constantcontact.com,bdibdenna,dpuitl29cvOU
840,Stephi,Heape,sheapenb@goo.ne.jp,sheapenb,lV1OKE
841,Clarice,Fawson,cfawsonnc@blogtalkradio.com,cfawsonnc,6dhtVkT
842,Kennie,Turgoose,kturgoosend@wikispaces.com,kturgoosend,dC3nicQeU
843,Michael,Oswal,moswalne@yellowbook.com,moswalne,30j5n79
844,Abbie,Asey,aaseynf@independent.co.uk,aaseynf,kIakGtsSOAU
845,Zita,Torritti,ztorritting@apache.org,ztorritting,gjuRhRSAlp4B
846,Lanae,Wixey,lwixeynh@miitbeian.gov.cn,lwixeynh,za7oiDQ6Tb
847,Ricoriki,Haton,rhatonni@alexa.com,rhatonni,6zscOu
848,Baxie,Collomosse,bcollomossenj@youku.com,bcollomossenj,fMupSE
849,Elyssa,Gregoletti,egregolettink@home.pl,egregolettink,7szazD
850,Joly,Izzat,jizzatnl@ezinearticles.com,jizzatnl,urrfalpZ
851,Myrwyn,Jimpson,mjimpsonnm@nps.gov,mjimpsonnm,KyFol8NuD
852,Cindra,Rumbellow,crumbellownn@wiley.com,crumbellownn,Iy6mAjmRSS
853,Kara-lynn,Rowcastle,krowcastleno@boston.com,krowcastleno,4OKW7NDAxV
854,Odille,Parlett,oparlettnp@si.edu,oparlettnp,kAehPZ
855,Faunie,Arundel,farundelnq@mit.edu,farundelnq,Uk9S56
856,Nevin,Gaynesford,ngaynesfordnr@paginegialle.it,ngaynesfordnr,k0hUTuVKGi
857,Felita,Bridge,fbridgens@nasa.gov,fbridgens,ltmTpSKF
858,Orland,Savil,osavilnt@disqus.com,osavilnt,jhSjYpN3E5
859,Lucinda,Bolus,lbolusnu@samsung.com,lbolusnu,azA1npQb1
860,Philippine,Conklin,pconklinnv@godaddy.com,pconklinnv,SCvE6yWToGNu
861,Annmaria,Jenckes,ajenckesnw@cmu.edu,ajenckesnw,FNf3WODX
862,Manuel,Gieves,mgievesnx@bravesites.com,mgievesnx,stOQxJz93amH
863,King,Guilliland,kguillilandny@amazon.de,kguillilandny,BYNvqa
864,Loraine,Saville,lsavillenz@github.com,lsavillenz,zu3QbkK73
865,Henrie,Boon,hboono0@dedecms.com,hboono0,XxwrMlg
866,Midge,Durkin,mdurkino1@meetup.com,mdurkino1,dPHwKuYyvvNU
867,Miriam,Eastment,meastmento2@answers.com,meastmento2,WUyS3ElnhHh8
868,Missy,Dermott,mdermotto3@zdnet.com,mdermotto3,ruvsQcwyISG
869,Stevena,O'Kinedy,sokinedyo4@umich.edu,sokinedyo4,F7XmXGw7n
870,Kerr,McFeat,kmcfeato5@addthis.com,kmcfeato5,VKbZTEA7pL
871,Matt,Melody,mmelodyo6@hugedomains.com,mmelodyo6,53B4S7A
872,Alain,Haversham,ahavershamo7@flickr.com,ahavershamo7,pOviuH
873,Ina,Agastina,iagastinao8@mlb.com,iagastinao8,DM58VZ0XoN
874,Allegra,Gazey,agazeyo9@dailymotion.com,agazeyo9,zadGri
875,Alexa,Pitcher,apitcheroa@berkeley.edu,apitcheroa,wrAtokj
876,Brittan,de Aguirre,bdeaguirreob@telegraph.co.uk,bdeaguirreob,MaIVanoWDRh
877,Ayn,Galle,agalleoc@prlog.org,agalleoc,lkeUEpT
878,Terrell,Anelay,tanelayod@mapy.cz,tanelayod,bVVZMd
879,Yelena,Mapham,ymaphamoe@infoseek.co.jp,ymaphamoe,g5hrqhiUJGe
880,Tim,Gooke,tgookeof@csmonitor.com,tgookeof,qOQr0Z
881,Seth,Andrioli,sandrioliog@guardian.co.uk,sandrioliog,LLpYI3ytyf
882,Seymour,Ornelas,sornelasoh@rakuten.co.jp,sornelasoh,IjBzfCg
883,Callean,Duckfield,cduckfieldoi@baidu.com,cduckfieldoi,EfT51ZLF
884,Rhea,Greenly,rgreenlyoj@webeden.co.uk,rgreenlyoj,4x3hFBKxRj7
885,Abbe,Brader,abraderok@microsoft.com,abraderok,GfJijeCUVn7
886,Marisa,Reilly,mreillyol@bloglines.com,mreillyol,lv7iKSHRJ
887,Reider,Jeduch,rjeduchom@uiuc.edu,rjeduchom,2FQtUEKRe
888,Dianne,Sommers,dsommerson@diigo.com,dsommerson,IhuJ4Ml3yDd9
889,Edgardo,Kelberman,ekelbermanoo@go.com,ekelbermanoo,weYoRkBi0dP
890,Alec,Krysztofowicz,akrysztofowiczop@geocities.com,akrysztofowiczop,Mqcvym178Z
891,Christal,Simner,csimneroq@hostgator.com,csimneroq,1b0Wi0rji8ds
892,Teresina,Chetham,tchethamor@answers.com,tchethamor,OrgLc5wQF
893,Arvin,Coetzee,acoetzeeos@feedburner.com,acoetzeeos,rOaY5eR
894,Betteanne,Papierz,bpapierzot@cyberchimps.com,bpapierzot,Z6JPfUS
895,Wendeline,Danbye,wdanbyeou@nba.com,wdanbyeou,VRNUopWz
896,Tonia,Horlock,thorlockov@weebly.com,thorlockov,LF8WEyA7HosT
897,Shep,Edney,sedneyow@posterous.com,sedneyow,EUyoSb
898,Stern,Warrell,swarrellox@techcrunch.com,swarrellox,qlYBNrYL
899,Darwin,Knobell,dknobelloy@vimeo.com,dknobelloy,mu8g7zOmT
900,Em,Castro,ecastrooz@squarespace.com,ecastrooz,AOFn6GsUPj2A
901,Michelina,Lau,mlaup0@alexa.com,mlaup0,0XT2cUuoN
902,Kristian,Shinton,kshintonp1@virginia.edu,kshintonp1,THBn5Ab
903,Misha,Carslake,mcarslakep2@purevolume.com,mcarslakep2,cysU0TqmS
904,Kial,Hizir,khizirp3@marriott.com,khizirp3,Pk1Klp8YPQ
905,Wynn,Dawson,wdawsonp4@wikispaces.com,wdawsonp4,RlEyGseM
906,Gunner,Luckman,gluckmanp5@alibaba.com,gluckmanp5,zvEUeL
907,Mariele,Koppeck,mkoppeckp6@google.cn,mkoppeckp6,REh4xTU
908,Meta,Sjollema,msjollemap7@qq.com,msjollemap7,knRSAW6LF
909,Rand,Counsell,rcounsellp8@telegraph.co.uk,rcounsellp8,9Oqkwr3aw
910,Chryste,Saundercock,csaundercockp9@freewebs.com,csaundercockp9,7tTLwHRT6TCd
911,Kristan,Adolthine,kadolthinepa@time.com,kadolthinepa,mxyOCcsmJ
912,Ewan,Egentan,eegentanpb@wikia.com,eegentanpb,COuvEn3Mjjcu
913,Shaw,Eastope,seastopepc@netscape.com,seastopepc,RB5Ikwi7ic29
914,Bard,Linney,blinneypd@ted.com,blinneypd,nbMLQbZhel
915,Bibby,Canizares,bcanizarespe@ebay.com,bcanizarespe,w9zf9fEbJ7eo
916,Stefa,Errichelli,serrichellipf@mac.com,serrichellipf,l9dK6PfsjK
917,Codie,Clemenson,cclemensonpg@hugedomains.com,cclemensonpg,R3IV2KDPL6B9
918,Mariel,Plet,mpletph@nationalgeographic.com,mpletph,Ff6UE8eGHr7L
919,Harlene,Strippel,hstrippelpi@goo.ne.jp,hstrippelpi,1JRcJdIrHqV
920,Theodoric,Dressel,tdresselpj@imgur.com,tdresselpj,Y2rNzmMpfD
921,Rosemary,Syms,rsymspk@cornell.edu,rsymspk,sNPkpTdGE
922,Olwen,Sole,osolepl@narod.ru,osolepl,W7bEtWZVWlh
923,Kellie,Dumphries,kdumphriespm@hao123.com,kdumphriespm,pZaiuTCKJ
924,Beverly,Wegman,bwegmanpn@pcworld.com,bwegmanpn,K8iL54pXnqx
925,Emmalyn,Doodney,edoodneypo@ed.gov,edoodneypo,94foZeoeF
926,Ario,Hartle,ahartlepp@etsy.com,ahartlepp,qFU0juGW
927,Lynna,Karlik,lkarlikpq@ehow.com,lkarlikpq,U477xXy
928,Nobie,Roxbrough,nroxbroughpr@w3.org,nroxbroughpr,AVDKvz2fQyX
929,Cindi,Plumbe,cplumbeps@blinklist.com,cplumbeps,eA1by0
930,Virge,Kynson,vkynsonpt@blogger.com,vkynsonpt,fadAeKVbjhfS
931,Annis,Veazey,aveazeypu@studiopress.com,aveazeypu,uu6ZMImGtO
932,Reggie,Haste,rhastepv@google.co.uk,rhastepv,tUWoRmd0EK
933,Kalli,Royson,kroysonpw@washington.edu,kroysonpw,dMBNkUrh9nz
934,Jaquenette,Asaaf,jasaafpx@elpais.com,jasaafpx,fV9OO1fF1rVU
935,Tybalt,Ellicott,tellicottpy@vinaora.com,tellicottpy,lhzijh
936,Elisa,Tevlin,etevlinpz@artisteer.com,etevlinpz,p3bLnV7dUEK
937,Britte,Brabban,bbrabbanq0@photobucket.com,bbrabbanq0,z8FkkJKlj4w
938,Virge,Grain,vgrainq1@etsy.com,vgrainq1,8aE1DzCTSKk
939,Simonette,Aleksankov,saleksankovq2@liveinternet.ru,saleksankovq2,Ut0bhmOo3w89
940,Antin,Vint,avintq3@ebay.co.uk,avintq3,uX83Kzu12ln
941,Auberon,Andover,aandoverq4@dell.com,aandoverq4,SCvM0gkWfv
942,Griffy,Butter,gbutterq5@flickr.com,gbutterq5,cfPT2TYJg
943,Flossi,Gatling,fgatlingq6@marketwatch.com,fgatlingq6,eA794uYrn8F
944,Olia,Vasler,ovaslerq7@printfriendly.com,ovaslerq7,NyOwzAhNtw
945,Nester,Bontine,nbontineq8@barnesandnoble.com,nbontineq8,dBERUyK
946,Madelin,Hort,mhortq9@walmart.com,mhortq9,8nUuHw
947,Nollie,Macura,nmacuraqa@techcrunch.com,nmacuraqa,e7AUhXVEyQr7
948,Lucia,Giffaut,lgiffautqb@histats.com,lgiffautqb,H4L6jGyNV
949,Perceval,Punt,ppuntqc@goodreads.com,ppuntqc,qhVmp8Ib
950,Danell,Measor,dmeasorqd@spotify.com,dmeasorqd,ADt33U4e2zbf
951,Culley,Eddison,ceddisonqe@columbia.edu,ceddisonqe,3QzsDM1
952,Phyllida,Gentil,pgentilqf@skype.com,pgentilqf,tgwLnDg
953,Tammy,Tellesson,ttellessonqg@ow.ly,ttellessonqg,4nKCIDIXJ
954,Thorin,Wrankling,twranklingqh@sogou.com,twranklingqh,hqzqTz6ioYj
955,Tait,Checkley,tcheckleyqi@jugem.jp,tcheckleyqi,hmyBLt
956,Maurizia,Maiklem,mmaiklemqj@businessweek.com,mmaiklemqj,UMMQpbEMo
957,Gert,Bembridge,gbembridgeqk@dell.com,gbembridgeqk,oS11w8Z
958,Etty,Pechard,epechardql@ox.ac.uk,epechardql,Tl5w6O6
959,Gerhardt,Gillinghams,ggillinghamsqm@comsenz.com,ggillinghamsqm,GU3ChyT
960,Casey,Longfoot,clongfootqn@amazon.co.jp,clongfootqn,L2eZRBHZ
961,Chauncey,Leates,cleatesqo@macromedia.com,cleatesqo,DPvEdib8Nk
962,Levin,Casham,lcashamqp@state.gov,lcashamqp,ErV8eVI
963,Pascale,Bulpitt,pbulpittqq@w3.org,pbulpittqq,lMMco7TR
964,Margalit,Casotti,mcasottiqr@japanpost.jp,mcasottiqr,SOFTX0Vh
965,Meredithe,Willerstone,mwillerstoneqs@geocities.jp,mwillerstoneqs,FaNo5FBfh
966,Paco,Costa,pcostaqt@cpanel.net,pcostaqt,td0utRoT
967,Sean,Fanning,sfanningqu@mashable.com,sfanningqu,mV1Uuw7ZJBo2
968,Andromache,Stenyng,astenyngqv@opera.com,astenyngqv,sMKX9kXfeCB9
969,Florie,Simak,fsimakqw@baidu.com,fsimakqw,zVdMgE0Dei
970,Marietta,Marrison,mmarrisonqx@latimes.com,mmarrisonqx,TFgaVlLG
971,Winston,Alexandrescu,walexandrescuqy@facebook.com,walexandrescuqy,jsvx75rflXd2
972,Micah,Cardnell,mcardnellqz@ameblo.jp,mcardnellqz,sGwx101ti
973,Bunni,Biggerdike,bbiggerdiker0@deliciousdays.com,bbiggerdiker0,9qXR7QHbNF3
974,Pat,Crispe,pcrisper1@icio.us,pcrisper1,LxagfsFr0
975,Emmaline,Mustard,emustardr2@time.com,emustardr2,47vd7FiAB
976,Ash,Nancekivell,anancekivellr3@prlog.org,anancekivellr3,YzIfvy
977,Tabitha,Biddleston,tbiddlestonr4@loc.gov,tbiddlestonr4,ONQgVcDPD69
978,Adams,Toffoloni,atoffolonir5@t.co,atoffolonir5,D57cP45ilBLy
979,Nariko,Wiszniewski,nwiszniewskir6@cnn.com,nwiszniewskir6,YVXf4P
980,Way,Piscopiello,wpiscopiellor7@dagondesign.com,wpiscopiellor7,o28DBf20k
981,Darren,Bartolomeu,dbartolomeur8@youtu.be,dbartolomeur8,ln3jkzt
982,Dunstan,Digweed,ddigweedr9@earthlink.net,ddigweedr9,wE6sFQUf
983,Cobbie,Fagence,cfagencera@i2i.jp,cfagencera,Nlt9JT
984,Kimmi,Vaune,kvaunerb@godaddy.com,kvaunerb,mLQ1oF
985,Othella,Marte,omarterc@umich.edu,omarterc,dVJBccVmYuaJ
986,Adler,Codeman,acodemanrd@google.de,acodemanrd,4h9xZOAw
987,Zolly,Casaro,zcasarore@cmu.edu,zcasarore,sdKwkh2dAH2q
988,Roderich,Chaffyn,rchaffynrf@cornell.edu,rchaffynrf,vXhxI5dKHWT
989,Babbette,Cockshut,bcockshutrg@liveinternet.ru,bcockshutrg,1KlgE58Y41L
990,Nonie,Swann,nswannrh@nymag.com,nswannrh,6ACawtp5tO2
991,Cirstoforo,Filipovic,cfilipovicri@cyberchimps.com,cfilipovicri,5fy0OeFUkGAm
992,Courtnay,Doble,cdoblerj@umich.edu,cdoblerj,BeJtmGfr
993,Minnie,Dimitru,mdimitrurk@printfriendly.com,mdimitrurk,JRaN22
994,Silvio,Oleksinski,soleksinskirl@fda.gov,soleksinskirl,UMmtruAeoTXd
995,Akim,Greeve,agreeverm@youtube.com,agreeverm,fNpnzK61FaWY
996,Jeromy,Hansill,jhansillrn@yellowpages.com,jhansillrn,qTT7cC1UuF
997,Mel,Gettins,mgettinsro@springer.com,mgettinsro,EybS1CqjmkmU
998,Stacie,Brashier,sbrashierrp@nature.com,sbrashierrp,H4cHSf98NfrQ
999,Gale,Tarling,gtarlingrq@homestead.com,gtarlingrq,yVEoMQIMdsR
1000,Val,Matousek,vmatousekrr@vinaora.com,vmatousekrr,3fqs0g
